Compound,ABL1|ABL1|P00519,ABL2_ARG|ABL2|P42684,ACK1|TNK2|Q07912,AKT1|AKT1|P31749,AKT2|AKT2|P31751,AKT3|AKT3|Q9Y243,ALK|ALK|Q9UM73,ALK1_ACVRL1|ACVRL1|P37023,ALK2_ACVR1|ACVR1|Q04771,ALK4_ACVR1B|ACVR1B|P36896,ALK5_TGFBR1|TGFBR1|P36897,ARAF|ARAF|P10398,ARK5_NUAK1|NUAK1|O60285,ASK1_MAP3K5|MAP3K5|Q99683,AURORA_A|AURKA|O14965,AURORA_B|AURKB|Q96GD4,AURORA_C|AURKC|Q9UQB9,AXL|AXL|P30530,BLK|BLK|P51451,BMX_ETK|BMX|P51813,BRAF|BRAF|P15056,BRK|PTK6|Q13882,BRSK1|BRSK1|Q8TDC3,BRSK2|BRSK2|Q8IWQ3,BTK|BTK|Q06187,C_KIT|KIT|P10721,C_MER|MERTK|Q12866,C_MET|MET|P08581,C_SRC|SRC|P12931,CAMK1A|CAMK1|Q14012,CAMK1B|PNCK|Q6P2M8,CAMK1D|CAMK1D|Q8IU85,CAMK1G|CAMK1G|Q96NX5,CAMK2A|CAMK2A|Q9UQM7,CAMK2B|CAMK2B|Q13554,CAMK2D|CAMK2D|Q13557,CAMK2G|CAMK2G|Q13555,CAMK4|CAMK4|Q16566,CAMKK1|CAMKK1|Q8N5S9,CAMKK2|CAMKK2|Q96RR4,CDK1_CYCLIN_A|CDK1|P06493,CDK1_CYCLIN_B|CDK1|P06493,CDK2_CYCLIN_A|CDK2|P24941,CDK2_CYCLIN_E|CDK2|P24941,CDK3_CYCLIN_E|CDK3|Q00526,CDK4_CYCLIN_D1|CDK4|P11802,CDK4_CYCLIN_D3|CDK4|P11802,CDK5_P25|CDK5|Q00535,CDK5_P35|CDK5|Q00535,CDK6_CYCLIN_D1|CDK6|Q00534,CDK6_CYCLIN_D3|CDK6|Q00534,CDK7_CYCLIN_H|CDK7|P50613,CDK9_CYCLIN_K|CDK9|P50750,CDK9_CYCLIN_T1|CDK9|P50750,CHK1|CHEK1|O14757,CHK2|CHEK2|O96017,CK1A1|CSNK1A1|P48729,CK1D|CSNK1D|P48730,CK1EPSILON|CSNK1E|P49674,CK1G1|CSNK1G1|Q9HCP0,CK1G2|CSNK1G2|P78368,CK1G3|CSNK1G3|Q9Y6M4,CK2A|CSNK2A1|P68400,CK2A2|CSNK2A2|P19784,CLK1|CDK11B|P21127,CLK2|CLK2|P49760,CLK3|CLK3|P49761,CLK4|CLK4|Q9HAZ1,COT1_MAP3K8|MAP3K8|P41279,CSK|CSK|P41240,CTK_MATK|MATK|P42679,DAPK1|DAPK1|P53355,DAPK2|DAPK2|Q9UIK4,DCAMKL2|DCLK2|Q8N568,DDR2|DDR2|Q16832,DMPK|DMPK|Q09013,DRAK1_STK17A|STK17A|Q9UEE5,DYRK1_DYRK1A|DYRK1A|Q13627,DYRK1B|DYRK1B|Q9Y463,DYRK2|DYRK2|Q92630,DYRK3|DYRK3|O43781,DYRK4|DYRK4|Q9NR20,EGFR|EGFR|P00533,EPHA1|EPHA1|P21709,EPHA2|EPHA2|P29317,EPHA3|EPHA3|P29320,EPHA4|EPHA4|P54764,EPHA5|EPHA5|P54756,EPHA6|EPHA6|Q9UF33,EPHA7|EPHA7|Q15375,EPHA8|EPHA8|P29322,EPHB1|EPHB1|P54762,EPHB2|EPHB2|P29323,EPHB3|EPHB3|P54753,EPHB4|EPHB4|P54760,ERBB2_HER2|ERBB2|P04626,ERBB4_HER4|ERBB4|Q15303,ERK1|MAPK3|P27361,ERK2_MAPK1|MAPK1|P28482,FAK_PTK2|PTK2|Q05397,FER|FER|P16591,FES_FPS|FES|P07332,FGFR1|FGFR1|P11362,FGFR2|FGFR2|P21802,FGFR3|FGFR3|P22607,FGFR4|FGFR4|P22455,FGR|FGR|P09769,FLT1_VEGFR1|FLT1|P17948,FLT3|FLT3|P36888,FLT4_VEGFR3|FLT4|P35916,FMS|CSF1R|P07333,FRK_PTK5|FRK|P42685,FYN|FYN|P06241,GCK_MAP4K2|GCK|P35557,GRK2|GRK2|P25098,GRK3|GRK3|P35626,GRK4|GRK4|P32298,GRK5|GRK5|P34947,GRK6|GRK6|P43250,GRK7|GRK7|Q8WTQ7,GSK3A|GSK3A|P49840,GSK3B|GSK3B|P49841,HASPIN|HASPIN|Q8TF76,HCK|HCK|P08631,HGK_MAP4K4|MAP4K4|O95819,HIPK1|HIPK1|Q86Z02,HIPK2|HIPK2|Q9H2X6,HIPK3|HIPK3|Q9H422,HIPK4|HIPK4|Q8NE63,IGF1R|IGF1R|P08069,IKKA_CHUK|CHUK|O15111,IKKB_IKBKB|IKBKB|O14920,IKKE_IKBKE|IKBKE|Q14164,IR|INSR|P06213,IRAK1|IRAK1|P51617,IRAK4|IRAK4|Q9NWZ3,IRR_INSRR|INSRR|P14616,ITK|ITK|Q08881,JAK1|JAK1|P23458,JAK2|JAK2|O60674,JAK3|JAK3|P52333,JNK1|MAPK8|P45983,JNK2|MAPK9|P45984,JNK3|MAPK10|P53779,KDR_VEGFR2|KDR|P35968,KHS_MAP4K5|MAP4K5|Q9Y4K4,LCK|LCK|P06239,LIMK1|LIMK1|P53667,LKB1|STK11|Q15831,LOK_STK10|STK10|O94804,LRRK2|LRRK2|Q5S007,LYN|LYN|P07948,LYN_B|LYN|P07948,MAPKAPK2|MAPKAPK2|P49137,MAPKAPK3|MAPKAPK3|Q16644,MAPKAPK5_PRAK|MAPKAPK5|Q8IW41,MARK1|MARK1|Q9P0L2,MARK2_PAR_1BA|MARK2|Q7KZI7,MARK3|MARK3|P27448,MARK4|MARK4|Q96L34,MEK1|MAP2K1|Q02750,MEK2|MAP2K2|P36507,MEKK2|MAP3K2|Q9Y2U5,MEKK3|MAP3K3|Q99759,MELK|MELK|Q14680,MINK_MINK1|MINK1|Q8N4C8,MKK6|MAP2K6|P52564,MLCK_MYLK|MYLK|Q15746,MLCK2_MYLK2|MYLK2|Q9H1R3,MLK1_MAP3K9|MAP3K9|P80192,MLK2_MAP3K10|MAP3K10|Q02779,MLK3_MAP3K11|MAP3K11|Q16584,MNK1|MKNK1|Q9BUB5,MNK2|MKNK2|Q9HBH9,MRCKA_CDC42BPA|CDC42BPA|Q5VT25,MRCKB_CDC42BPB|CDC42BPB|Q9Y5S2,MSK1_RPS6KA5|RPS6KA5|O75582,MSK2_RPS6KA4|RPS6KA4|O75676,MSSK1_STK23|SRPK3|Q9UPE1,MST1_STK4|STK4|Q13043,MST2_STK3|STK3|Q13188,MST3_STK24|STK24|Q9Y6E0,MST4|STK26|Q9P289,MUSK|MUSK|O15146,MYO3B|MYO3B|Q8WXR4,NEK1|NEK1|Q96PY6,NEK11|NEK11|Q8NG66,NEK2|NEK2|P51955,NEK3|NEK3|P51956,NEK4|NEK4|P51957,NEK6|NEK6|Q9HC98,NEK7|NEK7|Q8TDX7,NEK9|NEK9|Q8TD19,NLK|NLK|Q9UBE8,OSR1_OXSR1|OXSR1|O95747,P38A_MAPK14|MAPK14|Q16539,P38B_MAPK11|MAPK11|Q15759,P38D_MAPK13|MAPK13|O15264,P38G|MAPK12|P53778,P70S6K_RPS6KB1|RPS6KB1|P23443,P70S6KB_RPS6KB2|RPS6KB2|Q9UBS0,PAK1|PAK1|Q13153,PAK2|PAK2|Q13177,PAK3|PAK3|O75914,PAK4|PAK4|O96013,PAK5|PAK6|Q9NQU5,PAK6|PAK6|Q9NQU5,PASK|PASK|Q96RG2,PBK_TOPK|PBK|Q96KB5,PDGFRA|PDGFRA|P16234,PDGFRB|PDGFRB|P09619,PDK1_PDPK1|PDPK1|O15530,PHKG1|PHKG1|Q16816,PHKG2|PHKG2|P15735,PIM1|PIM1|P11309,PIM2|PIM2|Q9P1W9,PIM3|PIM3|Q86V86,PKA|PRKACA|P17612,PKACG|PRKACG|P22612,PKCA|PRKCA|P17252,PKCB1|PRKCB|P05771,PKCB2|PRKCB|P05771,PKCD|PRKCD|Q05655,PKCEPSILON|PRKCE|Q02156,PKCETA|PRKCH|P24723,PKCG|PRKCG|P05129,PKCIOTA|PRKCI|P41743,PKCMU_PRKD1|PRKD1|Q15139,PKCNU_PRKD3|PRKD3|O94806,PKCTHETA|PRKCQ|Q04759,PKCZETA|PRKCZ|Q05513,PKD2_PRKD2|PRKD2|Q9BZL6,PKG1A|PRKG1|Q13976,PKG1B|PRKG1|Q13976,PKG2_PRKG2|PRKG2|Q13237,PKN1_PRK1|PKN1|Q16512,PKN2_PRK2|PKN2|Q16513,PLK1|PLK1|P53350,PLK2|PLK2|Q9NYY3,PLK3|PLK3|Q9H4B4,PRKX|PRKX|P51817,PYK2|PTK2B|Q14289,RAF1|RAF1|P04049,RET|RET|P07949,RIPK2|RIPK2|O43353,RIPK5|DSTYK|Q6XUX3,ROCK1|ROCK1|Q13464,ROCK2|ROCK2|O75116,RON_MST1R|MST1R|Q04912,ROS_ROS1|ROS1|P08922,RSK1|RPS6KA1|Q15418,RSK2|RPS6KA3|P51812,RSK3|RPS6KA2|Q15349,RSK4|RPS6KA6|Q9UK32,SGK1|SGK1|O00141,SGK2|SGK2|Q9HBY8,SGK3_SGKL|SGK3|Q96BR1,SIK2|SIK2|Q9H0K1,SLK_STK2|FYN|P06241,SNARK_NUAK2|NUAK2|Q9H093,SRMS|SRMS|Q9H3Y6,SRPK1|SRPK1|Q96SB4,SRPK2|SRPK2|P78362,STK16|STK16|O75716,STK22D_TSSK1|TSSK1B|Q9BXA7,STK25_YSK1|STK25|O00506,STK33|STK33|Q9BYT3,STK38_NDR1|STK38|Q15208,STK39_STLK3|STK39|Q9UEW8,SYK|SYK|P43405,TAK1|MAP3K7|O43318,TAOK1|TAOK1|Q7L7X3,TAOK2_TAO1|TAOK2|Q9UL54,TAOK3_JIK|TAOK3|Q9H2K8,TBK1|TBK1|Q9UHD2,TEC|TEC|P42680,TGFBR2|TGFBR2|P37173,TIE2_TEK|TEK|Q02763,TLK2|TLK2|Q86UE8,TRKA|NTRK1|P04629,TRKB|NTRK2|Q16620,TRKC|NTRK3|Q16288,TSSK2|TSSK2|Q96PF2,TXK|TXK|P42681,TYK1_LTK|LTK|P29376,TYK2|TYK2|P29597,TYRO3_SKY|TYRO3|Q06418,ULK1|ULK1|O75385,ULK2|ULK2|Q8IYT8,ULK3|ULK3|Q6PHR2,VRK1|VRK1|Q99986,WEE1|WEE1|P30291,WNK2|WNK2|Q9Y3S1,WNK3|WNK3|Q9BYP7,YES_YES1|YES1|P07947,ZAK_MLTK|MAP3K20|Q9NYL2,ZAP70|ZAP70|P43403,ZIPK_DAPK3|DAPK3|O43293,ALK3_BMPR1A|BMPR1A|P36894,ALK6_BMPR1B|BMPR1B|O00238,BMPR2|BMPR2|Q13873,CDC7_DBF4|CDC7|O00311,CDK15_CYCLIN_A2|CDK15|Q96Q40,CDK15_CYCLIN_B1|CDK15|Q96Q40,CDK19_CYCLIN_C|CDK19|Q9BWU1,CDK1_CYCLIN_E|CDK1|P06493,CDK2_CYCLIN_A1|CDK2|P24941,CDK2_CYCLIN_E2|CDK2|P24941,CDK2_CYCLIN_O|CDK2|P24941,CDK3_CYCLIN_C|CDK3|Q00526,CDK3_CYCLIN_E2|CDK3|Q00526,CDK4_CYCLIN_D2|CDK4|P11802,CDK6_CYCLIN_D2|CDK6|Q00534,CDK8_CYCLIN_C|CDK8|P49336,CDK9_CYCLIN_T2|CDK9|P50750,CK1A1L|CSNK1A1L|Q8N752,DCAMKL1|DCLK1|O15075,DCAMKL3|DCLK3|Q9C098,DDR1|DDR1|Q08345,DLK_MAP3K12|MAP3K12|Q12852,DMPK2|CDC42BPG|Q6DT37,DNA_PK|PRKDC|P78527,EEF2K|EEF2K|O00418,EIF2AK1|EIF2AK1|Q9BQI3,EIF2AK2|EIF2AK2|P19525,EIF2AK3|EIF2AK3|Q9NZJ5,EIF2AK4|EIF2AK4|Q9P2K8,ERK5_MAPK7|MAPK7|Q13164,ERK7_MAPK15|MAPK15|Q8TD08,ERN1_IRE1|ERN1|O75460,ERN2_IRE2|ERN2|Q76MJ5,GLK_MAP4K3|MAP4K3|Q8IVH8,GRK1|GRK1|Q15835,HPK1_MAP4K1|MAP4K1|Q92918,KSR1|KSR1|Q8IVT5,KSR2|KSR2|Q6VAB6,LATS1|LATS1|O95835,LATS2|LATS2|Q9NRM7,LCK2_ICK|CILK1|Q9UPZ9,LIMK2|LIMK2|P53671,MAK|MAK|P20794,MAST3|MAST3|O60307,MASTL|MASTL|Q96GX5,MEK3|MAP2K3|P46734,MEK5|MAP2K5|Q13163,MEKK1|MAP3K1|Q13233,MEKK6|MAP3K6|O95382,MKK4|MAP2K4|P45985,MKK7|MAP2K7|O14733,MLK4|MAP3K21|Q5TCX8,MTOR_FRAP1|MTOR|P42345,MYLK3|MYLK3|Q32MK0,MYLK4|MYLK4|Q86YV6,MYO3A|MYO3A|Q8NEV4,NEK5|NEK5|Q6P3R8,NEK8|NEK8|Q86SG6,NIM1|CDK18|Q07002,PDK1_PDHK1|PDPK1|O15530,PDK2_PDHK2|PDK2|Q15119,PDK3_PDHK3|PDK3|Q15120,PDK4_PDHK4|PDK4|Q16654,PEAK1|UNMAPPED|,PKACB|PRKACB|P22694,PKMYT1|PKMYT1|Q99640,PKMZETA|PRKCZ|Q05513,PKN3_PRK3|PKN3|Q6P5Z2,PLK4_SAK|PLK4|O00444,RIPK3|RIPK3|Q9Y572,RIPK4|RIPK4|P57078,SBK1|SBK1|Q52WX2,SIK1|SIK1|P57059,SIK3|SIK3|Q9Y2K2,SNRK|SNRK|Q9NRH2,SSTK_TSSK6|TSSK6|Q9BXA6,STK21_CIT|CIT|O14578,STK32A_YANK1|STK32A|Q8WU08,STK32B_YANK2|STK32B|Q9NY57,STK32C_YANK3|STK32C|Q86UX6,STK35_CLIK1|STK35|Q8TDR2,STK38L_NDR2|STK38L|Q9Y2H1,TESK1|TESK1|Q15569,TESK2|TESK2|Q96S53,TLK1|TLK1|Q9UKI8,TNIK|TNIK|Q9UKE5,TNK1|TNK1|Q13470,TRPM7_CHAK1|TRPM7|Q96QT4,TSSK3_STK22C|TSSK3|Q96PN8,TSSK4|TSSK4|Q6SA08,TTBK1|TTBK1|Q5TCY1,TTBK2|TTBK2|Q6IQ55,VRK2|VRK2|Q86Y07,WNK1|WNK1|Q9H4A3,YSK4_MAP3K19|MAP3K19|Q56UN5,AMPK(A1_B1_G1)|PRKAA1|Q13131,AMPK(A1_B1_G2)|PRKAA1|Q13131,AMPK(A1_B1_G3)|PRKAA1|Q13131,AMPK(A1_B2_G1)|PRKAA1|Q13131,AMPK(A1_B2_G2)|PRKAA1|Q13131,AMPK(A1_B2_G3)|PRKAA1|Q13131,AMPK(A2_B1_G1)|PRKAA2|P54646,AMPK(A2_B1_G2)|PRKAA2|P54646,AMPK(A2_B1_G3)|PRKAA2|P54646,AMPK(A2_B2_G1)|PRKAA2|P54646,AMPK(A2_B2_G2)|PRKAA2|P54646,AMPK(A2_B2_G3)|PRKAA2|P54646,CDK14_CYCLIN_Y(PFTK1)|CDK14|O94921,CDK16_CYCLIN_Y(PCTAIRE)|CDK16|Q00536,CDK17_CYCLIN_Y(PCTK2)|CDK17|Q00537,CDK18_CYCLIN_Y(PCTK3)|CDK18|Q07002
Abemaciclib,84.496,86.382,93.966,92.509,88.553,100,80.519,98.489,100,95.554,100,55.772,61.041,92.942,90.898,92.247,96.029,84.379,98.634,99.394,75.622,95.824,100,93.728,95.962,85.443,79.477,71.157,86.702,89.808,91.035,65.861,61.684,0.31,1.382,1.392,17.95,90.882,47.315,15.18,43.718,37.787,5.897,35.184,38.019,0.798,0,20.424,24.063,0.703,1.307,56.899,3.727,2.776,88.152,92.2,100,71.066,84.828,91.361,72.122,82.926,56.813,10.442,0.534,3.86,100,3.54,92.29,91.456,92.861,73.617,48.369,65.506,74.008,94.956,88.632,2.319,1.128,2.859,0,78.288,73.059,87.229,92.874,95.922,90.505,93.827,88.214,91.932,98.291,92.445,100,100,100,91.804,87.492,91.789,93.279,74.771,100,74.46,98.306,96.343,98.862,98.779,98.52,100,21.786,81.45,46.935,98.551,91.008,67.686,100,100,93.231,100,89.594,97.584,2.789,3.531,11.133,94.84,44.714,16.363,1.83,7.741,40.175,82.681,51.736,89.999,68.539,82.755,1.665,98.775,93.574,100,100,98.672,68.7,35.243,74.203,25.589,96.916,75.162,91.856,91.831,97.204,27.545,20.868,91.796,99.975,98.394,95.556,92.652,91.587,88.3,82.687,88.384,100,84.497,93.669,100,80.338,20.743,100,61.387,63.219,73.349,76.325,71.628,58.715,73.112,31.17,25.202,37.18,100,97.433,100,89.568,70.804,100,44.257,64.573,86.875,88.939,93.819,85.519,28.612,100,96.148,99.002,100,87.374,94.433,100,97.609,95.708,81.455,95.271,94.412,87.443,89.261,98.541,95.699,89.392,11.733,91.579,89.522,81.492,100,8.58,95.036,1.196,51.571,0.037,88.658,83.191,12.024,62.131,37.895,21.507,14.902,36.056,26.563,86.402,14.829,13.916,70.581,95.453,25.228,76.984,81.743,86.622,59.021,75.554,89.346,100,97.554,90.007,42.744,100,100,59.257,91.181,58.114,63.408,94.946,18.95,100,85.14,72.148,77.574,42.085,42.329,82.681,93.926,81.13,38.8,93.862,99.513,97.009,5.384,51.022,77.329,24.46,65.626,29.475,100,66.874,21.49,22.711,65.503,78.301,90.904,100,94.782,62.161,78.222,96.003,29.567,97.449,95.229,77.316,99.405,68.883,71.913,84.503,84.184,83.36,100,96.802,93.093,76.422,100,100,32.479,97.32,100,45.222,24.274,,,21.395,45.394,6.026,37.168,7.629,,37.921,,,22.658,0.968,100,82.114,,49.275,76.726,6.752,95.99,92.179,100,10.025,95.118,75.554,93.975,3.305,53.296,87.018,79.788,81.375,57.886,98.777,88.277,73.355,83.887,3.745,95.955,4.253,,90.595,68.835,95.117,95.913,92.616,52.804,100,100,82.282,82.865,32.726,67.08,92.566,100,48.177,93.114,91.261,100,100,89.666,75.437,20.134,95.47,87.847,58.324,91.684,100,98.415,92.886,96.252,98.033,96.302,38.826,,100,91.849,,72.907,93.298,96.207,87.685,20.731,79.1,90.658,83.867,,87.334,94.702,93.699,97.893,30.382,78.365,74.758,67.383,70.577,77.112,75.308,56.094,62.305,56.376,54.973,49.387,58.013,31.246,7.284,14.864,13.298
Abrocitinib,87.86,84.065,96.715,95.52,98.065,98.22,87.81,97.275,78.05,86.49,94.42,94.78,87.21,76.005,44.355,70.55,45.5,88.865,100,88.805,100,100,89.795,78.655,97.1,100,100,84.73,93.07,92.775,94.655,86.695,71.86,99.035,94.795,82.27,100,75.5,95.45,94.995,89.84,88.32,91.03,83.43,86.08,87.955,83.685,92.655,86.87,99.255,100,85.72,98.66,89.715,100,92.31,88.105,100,93.76,100,100,100,90.205,100,67.89,85.815,99.295,71.2,77.8,100,91.825,88.715,81.35,94.275,90.925,100,92.96,95.865,100,94.985,89.325,100,97.925,91.145,100,96.785,95.71,88.615,92.715,100,100,100,95.6,93.65,97,97.19,91.38,93.66,100,79.155,90.995,91.37,94.155,95.59,90.085,92.98,86.915,87.16,66.795,87.725,90.865,100,90.485,74.73,83.92,89.045,100,94.2,84.171,94.12,95.82,89.97,83.86,96.05,99.015,94.87,100,99.26,86.34,95.83,100,88.175,85.435,87.965,93.65,100,84.095,100,1.325,7.365,48.945,100,100,87.81,97.065,98.75,82.49,90.155,94.195,83.46,37.89,82.48,97.62,92.63,96.35,98.02,93.52,92.83,82.53,67.22,68.22,79.985,100,94.845,85.585,100,100,93.89,84.565,82.96,79.23,85.265,99.515,95.21,100,88.83,94.39,100,99.815,89.17,71.2,82.53,100,97.335,96.735,98.265,100,92.765,92.365,100,100,86.35,89.665,93.49,87.06,92.58,100,94.85,100,81.64,100,98.055,100,100,100,98.025,100,68.895,100,88.965,98.45,94.285,97.69,94.465,97.49,98.18,95.995,62.245,73.35,86.63,92.64,80.85,70.39,92.36,73.77,77.995,95.01,94.18,90.525,93.6,94.19,81.945,94.99,82.755,89.825,90.715,83.56,87.36,100,94.27,98,100,88.535,68.72,90.34,91.155,70.585,73.43,93.185,73.135,77.355,84.565,76.765,75.59,95.41,99.305,98.565,70.06,86.12,100,98.955,52.145,93.835,85.265,85.895,95.425,88.12,52.26,71.77,94.79,65.34,100,100,89.065,100,100,100,97.295,85.615,94.905,74.42,89.455,90.39,91.335,77.42,10.125,100,82.365,93.42,74.78,77.335,,97.74,83.315,80.695,96.15,100,91.055,92.585,100,64.205,100,99.185,92.3,,77.81,98.125,94.78,93.325,82.605,94.325,100,100,,71.035,89.08,94.385,,84.66,,42.685,89.39,100,100,95.35,97.865,95.985,95.465,99.35,96.915,98.405,78.85,100,89.225,91.465,96.65,70.355,87.295,82.03,87.95,100,100,97.165,100,96.155,100,85.015,92.595,99.635,99.87,100,94.255,49.955,78.485,84.5,,97.215,99.405,90.695,94.515,100,,65.215,,100,88.46,87.45,,100,98.48,87.5,74.51,85.595,93.445,92.955,,100,93.81,,69.9,98.12,93.145,93.405,92.75,97.22,100,95.92,,100,94.45,93.82,86.835,100,100,89.625,97.67,100,98.575,100,93.86,94.615,91.95,100,100,100,98.125,100,87.455,96.67
Acalabrutinib,93.363,93.152,91.212,100,86.792,90.688,97.231,100,85.389,93.361,100,41.707,98.468,97.452,95.62,82.079,97.077,100,80.118,13.42,88.385,48.033,100,98.489,4.146,86.593,100,85.263,83.127,99.008,98.88,97.158,94.966,98.816,96.169,100,98.789,94.002,100,100,88.127,93.978,90.095,99.801,96.384,89.573,100,100,100,92.454,88.161,95.726,90.031,82.942,99.578,99.185,100,100,96.695,90.097,86.151,93.442,96.372,89.32,91.806,100,100,99.857,97.695,92.56,90.761,100,100,96.249,88.583,98.477,91.309,99.407,96.655,100,93.928,94.494,88.653,100,99.417,100,96.985,95.707,97.404,100,100,98.765,97.416,96.217,100,93.63,0.096,92.979,97.865,99.954,91.743,99.042,100,100,100,100,88.198,95.649,88.421,96.932,89.805,87.593,88.271,97.622,100,100,100,100,88.256,100,100,96.85,100,95.199,100,100,99.986,100,97.164,94.781,96.843,100,93.995,100,100,95.476,100,96.089,100,96.589,100,95.016,100,93.807,96.353,95.082,89.212,60.073,100,93.562,95.303,92.723,98.865,86.686,90.254,100,94.773,98.379,93.967,99.622,96.278,99.885,100,100,96.737,92.614,82.423,100,89.061,92.093,94.111,92.011,99.878,96.701,93.74,92.283,92.547,100,96.709,99.585,97.593,83.956,99.355,90.183,100,95.67,96.662,100,93.592,100,99.126,95.331,96.505,100,96.382,90.03,97.059,100,100,100,97.771,97.985,96.437,93.251,100,99.069,94.248,96.54,93.074,96.293,95.113,98.211,93.032,99.276,92.537,100,98.221,100,98.702,95.786,100,98.106,100,88.836,100,99.017,93.649,96.273,96.072,82.137,96.839,99.774,94.532,100,93.989,100,100,93.175,98.55,95.593,93.614,99.13,91.36,96.081,76.677,88.614,97.842,100,98.879,100,100,89.191,100,88.63,100,93.453,96.858,100,96.414,93.099,90.165,90.555,96.387,92.942,98.014,94.625,100,94.35,100,92.539,100,98.695,95.733,98.983,100,12.582,100,99.533,100,100,100,88.266,98.084,41.346,94.111,97.543,100,100,93.49,92.841,87.323,83.45,96.821,89.924,60.126,99.14,98.459,98.649,96.527,98.394,100,92.92,,,99.812,94.174,97.191,98.058,89.927,,96.719,,,94.745,69.899,100,100,,80.863,97.238,96.531,100,94.807,100,100,100,91.331,93.866,100,79.868,92.651,100,89.57,100,100,95.988,100,100,96.12,100,94.877,,100,75.77,98.014,95.622,97.717,99.287,96.479,90.887,99.167,99.132,88.663,86.541,93.506,100,94.526,91.852,96.988,97.861,95.973,86.142,94.038,91.174,100,92.772,100,100,100,99.64,97.49,92.725,96.873,99.498,85.672,,100,85.771,,99.579,95.424,100,88.443,94.971,98.046,92.511,100,,94.326,87.106,98.215,100,88.944,100,92.332,100,99.876,95.084,100,97.021,92.321,95.209,100,96.511,99.3,99.69,90.599,98.469,90.603
Afatinib,32.88,70.925,67.86,100,100,98.115,83.2,95.33,98.535,100,100,76.705,87.755,100,100,93.15,91.3,85.795,3.24,99.19,85.195,66.685,94.275,99.475,11.37,100,17.195,34.28,44.61,95.12,86.395,98.95,91.74,86.355,94.805,67.315,100,92.86,96.865,58.85,100,97.905,100,98,99.745,99.865,93.225,99.65,100,100,100,95.285,99.025,94.8,96.735,68.365,88.225,84.41,64.7,93.64,100,100,100,100,87.765,98.765,97.87,76.575,94.025,84.245,86.46,100,93.23,95.135,75.235,96.12,100,55.575,55.505,37.44,46.53,97.955,0.015,52.585,82.315,73.87,52.43,64.08,6.98,60.49,88.13,42.045,42.89,96.92,44.035,1.08,0,99.255,96.065,91.675,100,94.975,83.755,87.145,100,92.9,40.76,94.53,50.995,83.705,98.05,60.335,74.5,100,97.11,100,99.075,100,100,100,79.775,87.755,100,33.535,81.01,100,100,98.04,41.53,97.22,85.915,100,94.03,96.325,27.89,77.505,99.09,41.285,100,100,79.525,96.785,94.65,75.745,95.595,81.205,16.45,96.765,100,61.595,82.785,21.28,58.89,100,84.78,96.27,100,96.675,97.505,95.74,98.74,96.33,100,84.6,90.145,88.365,96.92,82.26,89.06,100,100,75.47,42.97,54.11,100,100,94.725,100,98.55,93.695,100,100,100,80.745,92.205,86.195,100,90.905,94.43,100,100,100,80.875,90.225,100,21.92,97.6,100,100,100,100,99.815,91.28,94.275,100,100,100,100,100,93.765,96.475,93.195,45.17,81.185,99.075,100,100,99.09,98.985,96.31,87.955,97.535,86.475,93.795,100,99.22,96.765,98.49,100,91.695,100,99.48,86.735,96.275,100,96.045,100,100,96.605,100,100,92.285,91.885,81.67,53.385,100,97.64,93.91,100,69.72,100,96.525,89.89,91.24,99.44,100,94.39,70.075,77.575,91.115,100,99.695,91.935,100,94.47,100,83.015,99.375,88.5,100,95.705,100,95.485,84.615,99.985,86.135,100,86.18,99.31,99.225,100,95.775,100,6.965,90.995,94.115,74.815,93.79,100,97.02,97.61,84,94.385,100,54.9,87.84,100,100,100,92.88,75.31,100,,,82.125,100,91.48,100,100,,86.56,,,82.38,99.21,85.82,97.565,,12.465,99.655,94.36,79.445,96.79,80.095,99.965,89.525,97.675,89.84,100,87.535,97.145,91.76,99.88,93.555,100,87.335,97.575,100,98.205,100,99.565,,100,100,88.435,98.98,93.475,100,100,92.2,100,96.98,94.31,100,100,92.495,100,81.39,71.22,82.82,87.71,40.185,97.18,62.98,100,81.29,98.345,90.305,100,100,82.895,86.125,100,95.415,93.085,,95.62,93.095,,100,88.81,100,99.175,78.89,93.69,83.765,100,,90.4,85.875,100,98.505,96.805,95.145,97.01,99.03,96.205,85.89,90.235,94.21,100,94.42,93.11,90.925,100,100,99.24,100,100
Alectinib,49.542,84.926,10.833,96.804,97.276,95.59,1.439,100,100,100,100,98.727,83.713,95.725,96.975,86.769,100,24.217,32.336,99.404,97.284,38.176,99.644,100,90.06,81.346,47.289,100,52.678,98.504,100,76.671,100,2.261,37.299,0.496,41.44,94.09,52.146,6.677,94.503,94.096,92.125,98.331,89.617,99.401,95.915,95.112,100,100,88.206,82.481,100,99.693,93.689,1.161,67.96,100,91.929,94.166,96.357,95.475,98.069,79.98,19.382,11.451,100,17.241,100,83.758,90.086,10.484,11.261,93.654,48.389,100,100,57.164,31.468,80.527,84.752,90.685,14.721,84.825,63.647,80.966,65.82,77.906,60.736,81.235,89.418,32.781,35.837,97.677,33.12,68.272,28.482,91.845,98.658,28.263,27.251,18.259,83.026,82.787,89.732,63.695,5.786,84.536,15.482,7.201,64.204,19.875,63.714,56.625,99.739,100,28.854,93.471,88.241,90.213,100,98.802,27.681,34.195,62.494,100,89.146,100,48.433,51.345,82.271,100,100,8.869,14.772,41.887,70.152,100,100,100,94.678,97.769,87.162,88.953,58.324,32.246,42.342,100,100,38.684,5.465,7.581,45.995,93.53,94.098,100,95.817,100,96.426,100,100,92.931,87.683,78.388,29.706,48.474,100,23.742,100,90.854,100,76.627,73.951,81.246,100,99.009,96.417,100,1.089,99.39,100,92.803,96.553,75.181,21.748,100,93.52,97.671,100,85.219,100,94.444,100,100,60.182,64.107,97.513,100,100,96.813,80.213,100,100,100,93.884,100,99.148,82.745,100,60.713,92.97,95.302,5.45,10.686,36.58,79.372,4.898,92.122,99.518,96.399,100,100,91.975,100,97.792,96.439,96.637,76.044,80.183,94.259,100,74.812,100,89.749,92.945,97.088,100,89.644,97.51,100,93.351,14.92,100,2.203,27.192,100,97.945,100,99.488,82.576,59.185,74.715,73.765,50.558,94.949,99.318,98.802,66.104,77.637,89.377,61.78,0.371,5.634,74.403,32.858,100,28.319,84.869,34.414,99.801,92.96,93.9,98.804,99.772,100,93.528,100,92.888,96.5,73.38,49.342,5.796,73.393,80.248,1.781,84.781,53.091,100,97.185,81.426,86.824,97.739,86.66,96.237,88.133,100,99.832,45.016,98.901,100,63.76,100,,,29.527,96.097,93.481,89.417,99.572,,82.729,,,24.687,94.591,74.358,90.458,,71.544,92.123,93.748,100,95.98,100,94.751,98.851,100,94.955,95.048,55.455,48.905,17.9,85.751,35.578,93.692,86.459,100,100,74.866,91.095,98.425,,100,100,84.248,100,90.975,93.41,98.393,100,100,100,88.389,47.87,95.753,88.176,95.435,100,100,100,93.645,51.638,93.96,32.835,89.71,100,88.768,100,93.84,100,64.269,99.236,100,95.034,85.952,,100,100,,92.063,94.746,99.375,95.369,20.981,64.802,92.558,99.392,,96.419,92.948,98.913,97.208,98.711,64.097,54.032,57.027,43.609,45.684,56.16,75.523,66.259,76.87,57.959,54.69,74.904,99.574,95.664,100,100
Alpelisib,67.77,87.265,62.955,95.36,98.405,98.245,19.345,100,100,100,100,82.42,40.955,85.015,70.18,87.23,83.025,77.05,32.57,31.085,91.635,87.525,94.37,96.42,47.905,76.755,100,99.24,67.765,100,91.87,100,99.74,100,97.155,98.745,100,91.11,98.93,91.855,98.705,94.33,98.505,96.79,100,90.61,92.4,94.565,92.715,100,97.32,92.615,100,96.015,100,97.04,100,90.21,90,100,99.86,100,89.86,89.99,68.595,53.24,98.835,69.31,95.59,93.13,97.14,97.305,92.61,100,44.67,100,100,90.14,91.34,99.53,94.46,100,18.74,95.89,100,95.475,99.86,99.165,72.19,88.43,97.785,94.195,100,97.63,89.975,39.925,29.355,98.755,86.395,92.345,72.95,96.565,1.26,1.08,1.405,3.205,43.455,78.71,17.42,41.445,42.4,98.28,81.095,98.195,100,100,89.96,96.585,100,95.295,97.74,88.045,90.32,73.935,96.555,100,97.42,100,64.76,77.71,81.965,100,92.85,94.21,100,95.645,53.11,100,7.77,3.4,38.925,89.78,100,94.445,97.675,100,68.175,49.74,94.85,100,89.955,70.75,94.035,100,95.94,100,100,98.165,100,98.315,96.835,93.645,87.67,94.64,98.01,96.33,97.815,97.76,92.155,99.74,64.945,54.225,100,95.68,98.97,100,100,90.535,98.13,87.045,98.73,93.485,91.41,29.845,90.805,100,88.93,100,99.185,97.415,97.455,94.58,96.775,90.03,94.195,100,95.13,100,100,86.5,100,93.33,100,100,82.14,94,90.81,99.275,97.725,88.935,60.95,97.485,90.745,99.98,96.6,83.46,100,100,89.285,94.71,93.345,95.49,96.77,90.455,95.255,96.02,94.395,89.405,98.77,93.99,100,100,95.97,97.44,93.355,91.23,100,98.26,95.62,98.91,95.725,75.645,90.65,0.36,87.065,84.2,100,98.07,100,2.89,96.65,97.035,88.515,92.86,98.185,100,99.865,92.58,89.2,89.595,92.555,94.87,97.3,94.72,93.355,100,88.705,96.01,93.43,94.355,100,97.365,96.1,100,90.785,85.215,90.25,100,95.31,2.5,0.71,0.745,99.99,19.995,83.22,45.13,84.955,100,100,99.18,90.52,,99.57,85.69,44.66,99.65,99.06,100,99.285,100,80.955,97.905,92.455,95.445,,100,98.17,100,96.815,90.44,87.835,95.555,96.285,,95.11,99.89,100,,12.38,,100,100,98.155,100,90.78,100,100,100,100,95.025,87.565,100,90.525,55.575,,100,94.44,100,87.935,100,84.355,100,91.875,100,99.875,100,89.28,95.89,87.225,100,96.145,95.015,99.08,91.555,83.745,,93.435,90.62,90.915,100,100,,90.745,,100,90.13,88.96,,87.575,100,100,92.97,99.785,97.245,100,,100,89.27,,96.17,96.675,98.755,99.435,100,84.555,92.56,99.9,,96.38,97.12,100,93.825,100,95.89,96.07,89.425,89.615,100,91.32,91.33,91.545,95.085,100,95.51,100,100,100,86.005,100
Apatinib,77.39,34.59,93.665,91.23,100,86.73,100,100,99.25,94.245,97.86,9.295,92.77,91.805,93.635,91.37,100,100,98.425,88.995,5.895,80.51,96.165,96.385,86.955,1.125,97.745,94.695,74.82,97.095,100,93.855,90.205,100,93.565,96.795,96.465,86.885,100,94.96,88.12,86.2,100,96.27,100,100,92.865,100,95.52,99.34,91.51,100,100,93.13,86,100,89.305,92.15,94.41,97.1,97.855,98.91,94.66,94.045,100,100,100,93.12,96.355,80.215,89.115,100,90.215,100,19.095,100,97.275,93.125,100,93.58,100,94.89,82.77,95.175,39.625,81.435,54.565,76.59,70.065,91.01,80.24,51.855,57.89,90.75,49.93,97.135,95.32,76.815,100,95.5,100,93.035,66.555,63.76,93.69,78.615,75.895,4.44,67.555,9.175,2.16,92.885,74.455,86.005,93.125,100,97.81,100,100,98.765,93.675,98.415,86.89,63.205,100,100,100,100,29.195,100,100,100,100,88.675,94.33,100,89.935,90.59,11.285,34.68,96.41,57.3,79.475,71.19,7.73,86.61,28.18,95.48,100,73.93,97.66,17.74,51.555,96.165,91.665,100,97.735,93.09,94.105,97.72,92.525,81.27,61.76,46.81,100,100,100,94.15,71.055,96.79,68.935,82.015,75.495,100,98.13,95.61,96.875,94.815,77.055,96.71,97.095,100,100,94.4,100,90.675,100,91.78,98.885,93.25,99.35,100,87.11,100,100,55.625,69.98,99.835,89.1,94.49,95.15,93.6,100,93.78,93.745,96.605,99.215,93.465,100,49.245,19.145,98.02,87.405,95.2,99.38,94.83,96.72,94.9,94.735,88.875,96.285,96.305,87.58,100,91.165,100,99.72,97.2,96.03,88.795,100,100,94.355,88.295,96.04,94.615,93.9,98.845,93.605,89.645,86.595,93.79,0,18.93,100,86.88,88.1,98.43,82.54,92.06,95.69,98.845,98.925,98.84,94.275,99.035,100,100,78.52,96.16,93.54,95.97,97.43,100,92.705,100,81.725,92.475,100,100,89.09,78.62,18.55,74.89,91.58,100,94.385,94.5,100,53.725,78.995,86.385,93.13,91.67,100,76.52,91.27,100,100,100,100,,95.95,98.64,71.21,28.92,100,100,100,100,99.64,100,100,98.3,,95.69,89.9,100,100,92.77,100,100,92.345,,96.595,95.545,99.23,,42.14,,95.615,100,93.62,100,99.495,91.6,74.24,91.2,100,96.16,96.02,84.52,91.11,100,98.235,94.22,94.69,100,98.535,89.54,96.97,93.38,100,100,93.505,91.275,90.65,91.94,100,95.9,94.415,95.005,87.915,91.285,97.175,,98.53,97.06,89.925,89.79,95.145,,96.275,,100,76.625,94.69,,85.94,90.07,73.265,98.165,96.395,98.435,97.41,,99.505,100,,90,100,100,100,92.48,96.1,100,99.495,,87.095,100,100,96.95,4.655,99.365,100,96.825,100,98.7,94.945,98.485,95.44,94.58,100,100,98.185,100,96.23,83.895,100
Asciminib,91.4,69.3,95.66,93.705,99.15,98.08,100,90.665,95.04,90.97,96.56,86.855,93.8,83.565,84.69,97.855,100,98.73,98.29,93.31,98.75,94.655,99.335,100,100,100,100,96.63,99.28,98.795,97.26,100,95.925,97.31,97.86,95.475,98.275,90.23,100,96.145,97.39,100,95.005,98.41,100,93.97,88.615,97.98,90.915,100,94.165,98.67,91.77,100,100,99.955,100,94.9,88.22,98.73,88.11,99.405,89.75,95.235,100,97.905,100,95.205,92.845,100,93.59,95.595,100,98.025,97.8,97.27,99.93,97.545,99.095,96.655,99.775,97.885,97.025,94.385,100,92.695,100,100,86.225,97.965,100,100,100,100,96.175,98.78,99.285,96.93,85.62,100,100,95.705,98.95,95.235,100,98.515,100,96.5,96.64,92.725,100,98.41,99.71,99.135,98.385,92.875,95.38,93.65,100,96.165,97.39,93.945,96.345,99.855,92.695,99.11,95.46,100,100,95.49,88.57,100,94.28,95.935,97.265,93.54,100,100,100,89.055,97.175,97.875,95.27,93.735,100,100,100,92.66,100,98.04,98.885,92.315,100,84.7,97.045,95.17,100,100,87.64,98.045,100,92.535,92.61,90.785,93.99,93.285,96.02,94.605,96.41,100,92.33,88.38,100,100,97.455,97.55,97.365,93.275,95.48,91.625,96.11,91.19,96.94,96.595,88.315,98.95,80.33,100,100,86.52,96.195,97.28,96.025,100,94.73,100,97.145,100,100,100,100,100,100,97.81,93.275,99.605,94.44,100,100,100,99.75,92.315,93.135,98.215,99.72,87.175,100,94.495,97.035,94.285,91.32,95.97,94.615,93.445,96.79,95.83,95.715,98.475,100,91.83,96.375,100,100,96.45,100,93.95,100,96.14,96.365,99.17,100,95.91,89.565,88.87,86.41,94.98,100,95.07,97.88,94.515,97.315,99.19,100,97.905,93.43,96.355,87.85,99.435,91.785,95.56,100,100,99.135,100,93.11,96.665,95.64,97.895,100,100,100,100,90.26,99.91,88.415,100,91.585,97.64,93.105,100,87.235,100,94.595,93.67,99.445,95.71,100,100,100,94.78,88.15,,99.965,85.06,100,95.39,93.67,100,100,96.395,86.255,100,100,100,,100,100,100,99.37,96.46,94.545,93.005,100,,94.74,91.355,96.76,,100,,100,91.84,100,100,92.135,100,94.41,100,93.69,92.245,87.835,100,89.92,100,,100,100,100,100,100,93.15,100,98.545,92.9,93.09,100,97.015,98.5,96.52,98.735,90.45,96.38,100,88.77,93.765,,94.675,95.94,83.31,90.94,93.81,,88.105,,100,100,100,,100,100,100,96.88,97.115,100,100,,100,92.67,,99.425,100,100,95.915,98.075,95.25,99.39,100,,95.545,99.405,100,87.595,97.845,100,99.525,96.865,98.33,100,100,100,100,100,96.44,94.91,95.98,100,100,87.745,100
Avapritinib,24.89,61.075,40.195,95.925,100,100,92.295,80.8,91.665,99.475,92.83,72.225,34.7,82.455,78.245,67.515,39.095,79.23,20.71,65.98,93.79,100,91.33,90.83,92.345,1.185,100,97.08,33.125,100,98.385,95.65,90.455,97.655,95.095,95.565,100,87.55,57.805,51.655,87.79,85.015,96.925,90.76,90.82,80.28,81.345,85.71,93.97,89.86,100,87.22,69.08,53.595,73.64,96.18,97.015,100,94.685,91.98,83.7,100,81.84,98.355,27.635,86.46,95.535,40.225,85.68,94.995,89.715,97.245,93.425,100,28.035,100,97.44,51.09,52.91,63.175,54.795,47.435,76.965,84.575,67.31,92.405,82.325,86.305,94.525,89.665,89.595,59.995,82.685,95.52,68.49,24.925,58.525,92.58,96.8,100,97.22,99.835,85.43,75.995,85.42,89.125,20.04,31.6,11.42,24.045,4.13,97.435,90.57,92.72,94.82,98.095,100,100,92.837,99.685,97.01,96.9,90.245,44.55,74.625,99.95,99.735,100,82.915,96.8,85.16,100,97.245,99.775,99.095,81.425,94.55,100,64.335,82.63,72.215,99.695,100,89.875,72.32,96.415,7.34,1.62,93.31,74.51,72.485,8.645,30.895,93.07,96.225,100,99.485,98.215,97.44,92.585,92.26,100,100,94.29,71.715,66.675,100,95.96,88.34,90.62,92.59,88.015,54.45,91.52,95.015,89.5,100,97.84,99.13,96.76,77.445,89.06,97.755,63.525,100,21.34,100,94.14,99.03,89.68,97.06,95.95,48.785,91.19,92.27,100,98.615,99.79,100,100,100,100,98.26,100,96.385,95.195,80.53,78.185,100,0.87,9.605,100,99.045,98.87,78.645,100,80.19,99.82,88.175,98.225,94.735,94.8,99.625,97.34,89.61,94.05,97.09,88.39,86,98.675,98.13,78.42,98.915,94.235,97.03,100,89.55,91.92,98.98,96.635,71.53,100,90.71,9.555,75.87,91.09,96.745,93.715,80.28,36.665,94.6,90.57,95.145,94.26,100,100,100,57.53,76.32,69.65,95.495,88.21,100,72.8,100,86.925,67.01,89.835,31.125,66.785,89.265,100,100,92.725,100,76.3,89.4,97.005,96.025,84.45,70.68,52.38,100,70.995,94.605,92.41,60.205,97.83,100,94.35,79.585,,98.205,87.91,21.3,100,100,98.345,100,97.465,64.15,100,95.135,95.34,,78.355,97.135,91.41,89.675,86.59,95.64,88.57,99.42,,45.59,96.265,97.37,,3.97,,80.705,86.36,100,98.41,91.68,95.715,91.775,95.825,75.785,96.06,96.735,80.675,98.96,99.945,89.055,96.43,96.815,87.18,93.335,14.985,100,100,96.225,92.855,45.13,91.94,86.675,100,99.73,100,100,97.875,90.545,87.63,10.275,,99.135,92.705,86.25,91.875,99.23,,94.955,,100,83.92,93.9,,95.21,82.05,76.485,80.855,85.83,91.81,97.33,,98.6,98.545,,99.87,91.9,100,91.645,59.09,99.105,99.865,100,,99.38,91.77,93.65,88.73,93.975,88.34,81.34,82.03,66.67,63.13,65.905,86.325,89.505,87.82,81.735,82.9,83.06,100,97.375,94.535,97.27
Axitinib,0.58,1.655,84.695,94.855,100,96.355,74.185,87.74,94.125,100,100,100,13.785,100,0,4.925,12.15,35.13,42.185,86.66,100,91.21,18.295,23.96,99.165,8.67,76.325,58.815,77.205,95.795,91.62,97.36,91.58,74.505,86.105,76.095,100,100,92,43.975,100,83.495,88.25,88.18,97.855,100,91.55,99.045,91.275,94.725,100,97.475,100,94.795,84.175,85.295,100,89.89,94.12,96.865,100,94.405,100,100,100,99.145,89.08,82.705,97.26,82.455,94.705,100,100,85.16,60.94,96.815,65.13,92.42,92.845,90.405,100,100,85.32,94.68,87.165,85.325,87,100,60.085,83.585,98.99,81.425,94.42,100,95.8,99.115,90.425,98.175,100,97.285,100,100,5.12,3.86,6.89,62.25,8.21,1.875,53.27,1.47,4.815,98.77,48.42,9.7,94.35,99.305,100,100,99.2,100,86.25,99.305,100,73.205,8.245,100,100,94.365,100,100,88.67,90.025,65.66,100,94.45,94.555,100,100,94.99,52.27,39.515,80.155,97.815,82.4,3.11,23.12,25.78,37.74,100,13.88,7.695,23.845,60.735,100,90.09,100,41.41,49.645,47.115,34.405,89.98,80.955,100,86.74,96.89,6.62,99.22,86.895,85.95,100,100,44.83,75.085,88.975,95.08,100,88.165,95.075,89.385,32.775,30.445,91.285,91.995,26.83,84.185,98.785,100,97.475,100,88.78,100,100,23.51,95.865,100,91.76,100,100,100,93.07,95.88,100,89.245,96.465,60.675,96.305,76.19,100,100,4,7.105,91.985,80.38,95.34,100,100,100,100,100,97.68,92.305,98.755,91.32,97.875,100,100,98.68,96.815,96.67,100,100,88.63,82.94,100,100,86.99,84.405,100,100,100,100,90.55,100,14.405,97.045,100,89.375,86.97,45.905,6.32,57.105,76.995,50.82,48.92,100,97.785,100,83.55,24.165,24.75,100,92.655,92.465,84.525,62.325,100,80.805,93.53,93.945,100,96.855,94.18,92.6,67.435,69.93,94.565,94.145,31.185,96.775,89.93,92.65,15.15,100,81.66,88.93,57.015,99.17,34.315,47.265,60.02,98.06,88.385,100,100,39.04,60.415,100,100,96.005,89.59,100,91.815,,,77.63,98.755,80.465,100,89.23,,90.05,,,70.885,98.07,94.15,95.685,,37.815,75.235,81.83,87.535,100,100,100,100,100,100,100,85.425,100,31.99,100,12.555,100,88.32,100,97.125,95.325,100,97.21,,99.84,100,88.14,89.375,100,96.12,100,95.11,99.485,99.96,93.6,97.525,99.12,60.065,100,83.255,65.82,76.995,100,70.405,100,63.765,100,76.85,12.855,74.525,90.84,100,87.3,93.23,100,100,93.455,,97.125,100,,97.62,88.38,97.725,100,0.99,8.625,91.015,100,,97.375,92.505,100,100,58.32,10.685,12.095,10.27,6.66,6.32,6.39,16.415,9.33,11.615,10.485,6.995,16.64,100,98.73,90.095,100
Baricitinib,84.02,90.325,20.465,95.4,98.405,83.26,53.64,100,100,100,100,95.12,58.875,92.175,55.195,78.78,67.75,100,88.735,98.315,100,98.08,89.575,87.49,96.985,99.23,91.705,89.7,85.86,78.615,100,51.17,85.53,37.185,54.725,17.755,85.18,100,91.15,65.725,97.8,87.105,75.92,94.11,91.47,100,86.74,94.2,99.615,89.315,99.945,90.02,95.635,64.87,84.925,70.9,96.86,76.73,97.615,100,83.325,90.335,93.08,93.645,64.905,87.405,80.705,31.605,95.565,100,100,18.08,79.39,45.375,87.375,91.935,76.275,88.58,74.86,83.865,91.32,98.795,90.105,99.095,90.11,86.69,89.62,98.59,100,89.215,99.295,88.305,99.44,100,99.81,100,97.695,98.42,97.295,100,100,96.73,77.94,87.15,98.46,93.82,84.885,94.705,83.515,90.765,98.185,100,73.71,86.485,97.805,100,96.59,94.57,95.87,79.235,76.04,81.055,74.33,92.805,99.015,84.92,100,93.675,91.52,100,98.34,94.715,65.455,100,67.115,87.805,93.87,100,1.9,2.83,3,91.255,100,98.385,100,97.82,79.15,70,92.13,97.475,37.215,48.345,100,98.735,96.745,100,45.57,35.92,32.85,35.795,74.655,82.865,60.585,44.055,79.53,88.32,97.775,86.935,94.29,92.69,91.74,87.765,86.435,71.77,77.8,71.28,52.25,33.43,89.9,78.195,86.85,100,94.535,61.14,95.29,85.62,99.84,96.95,95.415,97.635,89.235,100,85.105,100,93.6,84.78,100,99.83,100,25.265,72.595,95.54,94.01,100,81.635,99.115,85.58,97.305,94.145,99.52,100,84.415,72.665,90.91,100,100,97.585,9.14,20.075,37.91,72.92,71.695,23.1,62.01,26.335,11.755,89.88,84.455,71.64,81.445,100,91.455,82.27,91.14,63.15,28.535,46.37,94.735,99.6,95.485,39.79,81.24,96.115,30.565,98.555,86.565,18.265,23.5,98.695,78.96,87.975,90.095,91.145,79.165,99.625,100,86.25,71.065,94.77,72.15,95.905,91.44,90.82,93.26,8.35,100,75.795,2.895,75.24,100,87.26,92.19,84.135,80.48,95.045,88.68,100,98.845,94.64,96.86,58.755,34.945,93.305,81.42,68.725,2.66,99.175,45.2,76.86,47.43,79.325,94.52,100,100,89.985,87.555,100,37.785,67.81,100,80.83,100,,,35.81,97.26,74.4,88.255,91.955,,93.055,,,29.99,91.19,95,35.34,,79.725,100,18.85,87.075,100,92.525,98.48,82.355,100,94.315,98.6,69.625,84.795,84.865,81.255,86.615,98.08,94.315,13.615,41.105,79.705,97.695,86.62,,100,100,91.21,82.93,90.85,94.05,100,100,100,100,95.195,93.965,100,79.95,95.055,100,65.19,97.575,100,70.49,19.74,59.055,92.01,52.71,56.1,96.54,91.19,100,77.645,83.385,98.43,100,56.125,,100,100,,0.62,97.85,92.615,89.615,92.02,84.395,99.78,100,,89.84,79.2,100,91.57,43.815,87.92,83.18,86.96,100,72.02,84.255,86.135,89.3,96.24,87.67,83.64,85.96,94.57,95.725,86.54,87.8
Binimetinib,100,96.23,99.25,98.35,100,100,100,100,100,100,97.46,95.065,100,100,96.48,92.66,89.44,100,98.26,100,87.825,100,98.905,95.255,95.23,100,94.405,92.86,96.805,100,96.58,100,95.695,84.64,100,100,98.42,97.09,100,77.045,99.52,94.69,98.385,92.805,97.405,100,95.115,97.14,98.425,100,100,96.57,98.325,66.675,89.94,100,100,93.61,97.54,100,100,95.85,92.41,94.73,98.075,100,89.055,100,90.185,98.63,99.245,97.23,96.43,97.915,100,100,92.12,93.99,100,91.9,96.08,100,78.25,100,92.72,96.5,92.14,99.255,100,90.255,100,98.585,98.65,100,96.4,96.95,98.215,97.625,97.67,100,99.52,98.12,100,100,100,100,97.615,96.93,98.585,100,100,93.265,100,96.545,99.325,100,100,97.495,96.73,100,98.48,100,85.585,99.52,100,86.13,99.815,93.6,90.115,100,100,100,97.535,100,97.635,99.855,92.15,96.68,98.7,99.19,96.755,99.27,100,94.61,100,100,100,100,100,98.19,99.615,84.645,98.17,94.59,99.31,99.11,99.805,96.26,100,100,20.86,56.54,94.5,97.91,98.155,95.85,96.2,97.355,100,100,93.12,100,99.635,96.465,100,96.74,100,100,99.16,96.06,97.55,98.86,98.16,84.595,96.955,99.795,95.68,96.32,94.05,100,94.065,100,100,97.59,97.69,87.705,100,98.945,100,96.815,91.74,96.51,92.225,97.135,99.05,100,100,96.925,98.365,100,98.51,96.255,88.54,90.98,100,90.375,98.495,99.73,98.82,96.11,98.21,94.24,92.13,97.28,100,100,100,100,90.365,92.975,100,100,100,100,96.845,98.955,98.48,98.525,100,94.995,100,94.265,97.015,99.535,91.115,100,97.9,95.675,100,94.715,99.345,100,97.63,99.575,95.905,100,94.405,98.805,93.575,96.2,100,99.07,96.26,99.045,100,91.02,90.575,99.75,95.7,100,100,98.42,100,95.92,97.48,96.685,80.325,100,98.135,95.265,96.17,99.92,100,99.71,98.88,96.505,94.65,100,97.77,100,87.455,97.525,95.83,100,99.14,100,98.375,93.655,79.85,95.95,100,97.23,,,100,95.505,92.855,94.975,99.945,,100,,,100,100,100,97.32,,100,100,100,94.12,98.73,98.59,100,100,97.795,93.725,100,96.425,95.24,100,99.05,93.66,99.315,100,100,100,89.935,97.265,95.35,,96.16,100,94.5,100,92.185,100,100,100,100,100,100,96.765,97.665,95.535,100,96.265,83.08,96.055,100,99.52,100,92.5,96.22,100,100,97.22,96.95,100,100,100,100,100,87.82,,100,94.165,,99,100,96.695,100,98.305,97.22,100,100,,98.06,80.015,86.715,92.97,94.675,96.79,99.99,100,100,94.84,100,100,100,100,100,97.505,100,100,100,91.3,91.16
Bosutinib,0.27,0.68,0,98.88,100,94.55,24.89,77.235,90.73,100,100,100,26.7,99.31,100,91.735,80.095,10.09,0,3.57,97.32,58.93,97.34,100,0.675,74.185,2.22,78.13,0,83.5,100,16.81,61.785,11.595,79.38,15.105,94.15,98.895,86.5,30.76,100,82.735,91.19,89.165,94.03,96.195,91.275,94.2,98.115,94.16,89.935,82.845,100,93.45,59.29,8.6,60.48,37.16,31.035,96.34,100,100,95.605,100,31.65,62.09,56.52,42.575,95.27,0.47,95.43,96.245,94.145,91.81,2.415,76.02,100,83.43,91.515,84.68,89.35,99.855,0.72,59.02,0.31,4.52,0.4,0.81,7.66,73.75,1.525,0.45,0.245,15.99,1.155,13.945,0.14,100,94.965,89.58,46.38,38.765,55.715,47.035,95.135,94.08,2.88,88.145,33.21,81.95,32.085,0,0.275,1.84,93.51,100,90.61,93.585,95.895,91.635,79.03,100,100,0.44,0.025,96.06,96.215,84.465,33.31,85.865,87.605,100,28.61,48.46,78.34,33.615,96.04,80.305,95.85,43.905,40.335,99.28,100,99.615,91.72,0,0.34,92.83,100,1.71,30.465,1.08,2.965,100,85.175,96.72,84.52,67.635,63.405,47.645,10.15,4.605,41.62,15.855,80.09,0,98.045,31.15,76.695,72.795,62.12,28.06,100,94.805,60.68,61.845,92.395,90.915,99.13,7.85,30.95,13.255,5.64,68.365,20.21,80.215,93.395,53.85,89.62,23.8,100,98.78,75.85,54.11,98.87,68.445,100,100,100,81.86,84.41,82.355,70.405,75.04,83.65,95.555,100,96.7,100,67,56.44,96.355,17.48,80.91,98.52,99.315,77.095,77.63,83.8,68.81,78.175,55.535,31.94,63.745,100,89.68,95.27,71.17,62.935,56.11,100,86.37,92.17,100,100,59.135,86.77,87.68,79.285,100,96.92,30.87,100,59.98,84.665,100,82.255,79.19,81.695,80.29,72.64,72.17,36.64,46.76,99.28,100,99.4,0.385,7.46,46.435,47.37,98.64,89.775,94.275,45.02,7.655,17.005,97.855,78.36,31.015,73.215,73.255,65.92,60.46,56.19,5.82,100,83.44,61.865,33.03,14.375,4.42,100,2.79,62.005,87.595,19.335,54.3,72.525,55.55,96.885,40.045,65.925,76.9,1.075,16.55,99.11,99.355,91.205,92.465,56.94,88.74,,,23.445,96.925,89.99,97.2,96.365,,90.76,,,26.72,95.21,81.685,91.005,,5.725,40.025,66.285,85.81,94.93,51.26,99.085,79.575,64.315,84.75,97.17,78.18,96.41,0.855,98.22,1.62,93.005,76.97,92.705,82,71.03,97.66,95.895,,93.45,100,89.42,55.825,89.675,95.965,100,93.18,100,90.285,88.78,80.61,93.545,80.225,75.815,93.675,74.405,87.935,96.845,2.34,87.54,55.73,100,74.84,97.83,81.49,100,100,2.585,5.125,99.88,92.94,92.515,,86.03,100,,94.825,88.195,92.705,57.955,0.38,95.785,88.885,100,,88.79,80.41,68.685,85.57,20.1,55.615,52.195,59.56,30.545,35.03,38.53,65.505,54.465,57.44,49.515,39.405,55.63,94.925,89.465,86.175,94.49
Brigatinib,17.166,32.026,2.019,99.855,92.859,94.801,0.761,100,100,100,100,95.085,3.136,55.872,17.656,57.812,77.267,14.668,7.668,58.798,93.578,2.178,37.338,22.227,34.399,61.778,73.443,71.548,23.836,81.163,79.456,32.315,90.329,0.323,6.466,0,7.255,94.383,35.527,4.854,52.87,53.093,66.608,85.708,91.266,65.195,54.461,63.975,73.958,62.931,72.217,72.126,93.684,90.605,5.345,0.571,100,94.954,98.066,100,83.292,93.541,93.9,68.916,0.574,3.959,87.636,2.767,93.595,63.312,100,37.399,34.968,40.045,32.581,100,96.77,56.318,34.819,65.568,82.381,94.122,1.53,81.715,97.585,100,94.595,92.017,76.484,77.851,100,70.135,99.07,97.302,93.489,0,2.412,88.116,98.712,2.748,1.751,4.817,5.317,3.932,25.394,26.692,26.784,32.742,1.919,2.894,11.006,6.199,26.121,45.189,95.198,94.031,81.873,100,87.923,91.65,100,94.546,12.881,19.127,100,98.897,95.068,100,55.05,7.989,81.817,99.627,90.264,5.959,37.088,23.767,9.742,63.376,57.497,8.646,5.17,18.178,51.198,24.444,33.173,65.607,21.337,45.557,95.099,7.36,3.417,14.95,51.119,89.997,90.153,90.507,17.543,13.464,9.706,8.215,97.236,91.139,99.781,71.133,48.639,80.003,96.6,82.652,80.316,21.433,67.09,29.721,86.009,62.92,78.585,69.942,64.465,67.317,79.484,55.968,72.936,68.743,100,44.562,2.354,88.305,100,92.573,96.701,60.005,100,95.548,29.326,100,86.343,95.524,96.137,100,100,66.416,6.052,87.938,88.145,86.967,33.4,50.136,82.115,100,92.182,34.013,62.788,89.312,3.89,12.272,98.846,97.478,95.67,82.837,93.854,80.669,80.778,81.209,66.322,59.275,95.79,71.521,93.609,14.906,14.641,85.048,100,22.992,59.114,60.24,88.802,33.221,77.804,41.198,97.688,100,89.959,0.947,100,5.136,95.821,100,75.364,85.886,99.673,1.794,3.929,4.794,1.457,4.99,99.872,100,88.459,1.605,49.545,9.098,54.973,75.701,88.787,84.261,0.669,94.788,20.177,19.354,75.233,57.088,85.976,26.04,60.967,67.672,91.783,47.192,100,36.547,97.546,97.861,100,60.301,26.111,13.549,3.6,47.388,80.751,7.249,18.507,21.269,86.276,74.244,100,98.26,3.35,93.209,100,35.351,84.657,92.681,79.664,100,,,12.283,70.668,70.754,87.252,74.423,,91.818,,,12.952,84.22,90.632,41.631,,13.981,47.041,51.606,100,100,100,82.983,100,95.67,100,81.055,5.071,3.212,15.681,95.947,5.755,100,98.445,61.412,60.494,39.318,84.335,63.206,,96.594,89.954,71.85,96.129,86.982,91.873,95.672,74.042,100,96.792,89.251,15.104,92.475,92.25,88.167,88.159,85.202,96.783,99.112,17.097,88.125,70.174,100,80.67,15.125,100,100,39.553,2.73,62.156,91.741,93.111,97.929,,70.424,80.68,,30.881,96.98,95.078,89.749,80.791,2.831,93.308,72.095,,100,99.492,100,100,76.767,3.823,2.993,6.225,2.495,1.956,4.62,4.192,2.109,7.937,5.119,3.522,3.487,97.042,56.486,79.864,79.88
Cabozantinib,50.385,74.925,67.855,90.44,100,95.75,90.085,95.81,98.515,100,100,99.005,96.09,93.8,57.86,26.26,44.095,4.105,8.44,79.71,100,0.51,98.23,99.72,43.115,10.505,3.025,0.795,44.64,99.745,92.03,98.265,91.85,100,95.835,99.5,98.335,100,87.05,70.625,95.395,97.405,98.585,94.13,100,100,100,98.63,93.59,94.315,95.95,94.285,100,100,99.025,56.745,91.95,100,92.21,93.235,100,98.21,96.78,100,99.33,100,91.94,84.125,100,85.42,86.385,100,100,92.53,0,100,92.895,100,93.5,77.285,93.615,100,84.865,39.16,13.045,13.76,5.525,8.385,4.305,7.11,35.625,6.8,5.505,63.18,15.7,100,85.9,100,99.895,97.38,100,90.93,88.47,66.66,81.695,89.91,8.87,25.81,4.995,4.81,8.665,13.275,70.02,88.26,100,100,99.95,98.655,100,100,93.47,94.25,100,10.215,100,100,99.805,90.885,0.005,98.96,96.045,100,100,69.24,100,100,77.945,100,100,99.755,100,97.635,96.74,99.1,4.955,49.94,2.54,72.315,100,5.735,80.365,16.765,50.42,100,97.805,100,100,100,100,100,18.835,21.625,100,93.685,100,100,100,90.78,96.27,98.055,86.84,76.73,74.22,22.315,100,92.09,100,98.875,84.02,94.595,94.265,100,100,10.42,100,100,96.525,100,92.525,87.95,100,99.93,80.215,97.14,100,59.065,90.18,79.45,100,100,100,100,98.11,96.365,100,100,100,100,93.87,20.72,56.415,98.665,76.515,100,100,100,100,100,96.46,93.115,94.825,94.125,100,97.725,100,99.17,100,100,100,100,100,94.515,100,85.395,100,96.055,90.85,100,95.485,100,100,44.63,91.74,2.45,66.625,100,100,100,6.43,4.04,100,96.045,99,96.01,100,98.175,100,100,33.955,99.605,25.515,100,97.26,100,100,100,84.91,100,84.505,100,96.19,94.65,95.915,100,100,90.72,100,46.87,100,6.425,0,14.75,100,87.17,100,99.975,6.12,100,100,88.16,97.585,95.88,91.355,94.055,44.27,56.045,100,95.105,100,100,93.41,88.93,,,96.565,100,99.985,99.435,100,,93.245,,,100,94.505,91.76,95.775,,0,50.705,100,82.78,85.75,59.475,100,31.53,94.8,93.35,77.17,85.595,95.225,94.2,99.115,82.845,100,97.73,100,100,99.825,90.85,100,,100,100,85.19,86.01,91.7,100,100,100,100,98.81,100,91.67,100,92.16,96.605,90.225,95.995,92.225,100,46.795,99.075,71.685,96.66,90.575,23.625,5.495,99.985,95.78,88.885,100,100,100,73.55,,96.16,100,,100,89.335,99.925,91.95,88.08,46.01,75.085,96.9,,83.17,87.185,100,78.975,3.22,96.555,100,99.15,98.44,93.17,98.205,96.625,97.975,95.235,100,99.16,100,100,95.32,100,100
Canertinib,8.435,14.2,79.31,90.405,97.54,100,95.14,73.81,99.19,100,100,67.09,82.69,100,67.09,43.79,17.885,66.335,0.275,0.605,59.345,19.815,86.955,88.015,0.73,88.09,41.57,92.5,16.195,91.195,98.15,100,97.575,82.16,90.84,74.755,100,99.045,88.635,95.23,99.06,96.015,95.285,98.345,90.815,95.36,99.545,88.6,91.495,97.31,100,97.195,90.535,95.38,96.585,86.16,90.39,100,78.735,90.52,86.19,98.57,100,90.645,87.895,93.42,100,95.36,100,57.95,100,95.85,96.195,100,24.905,95.86,98.825,83.92,89.28,73.885,89.045,100,1.555,65.49,27.385,52.82,36.83,33.93,7.945,51.975,73.665,43.275,45.675,97.325,13.075,0.625,0.41,100,92.47,100,86.485,98.715,69.64,46.82,71.26,74.15,12.69,37.665,13.7,45.19,90.52,79.285,38.65,97.68,91.44,98.105,86.995,96.125,95.525,91.65,95.01,83.93,97.55,24.715,69.74,96.78,82.145,100,60.99,100,97.375,100,89.785,97.735,54.085,66.225,93.575,3.115,100,94.04,1.105,84.575,84.505,65.17,30.045,64.885,2.31,82.355,87.18,20.77,54.975,4.825,22.27,99.28,93.475,90.14,86.66,100,95.43,100,91.63,52.655,95.48,89.055,95.145,76.3,99.36,97.825,91.84,99.92,100,82.595,17.465,12.99,100,97.1,100,93.68,89.285,95.21,100,90.08,87.925,82.59,100,93.755,100,93.735,85.615,90.13,100,100,96.19,93.84,100,59.555,98.375,100,100,94.805,96.575,100,94.395,94.725,95.91,100,86.96,91.21,94.28,67.21,89.335,100,85.62,93.53,79.03,98.785,76.71,97.48,92.455,85.58,95.9,83.24,89.29,86.415,93.49,91.33,94.385,75.93,83.965,88.15,91.19,89.125,97.44,96.005,100,98.315,92.215,85.94,89.355,100,100,91.455,91.66,12.05,12.91,98.985,83.395,100,66.53,87.195,95.91,100,100,87.76,98.62,100,89.2,26.525,50.44,92.4,76.375,100,97.035,99,85.685,90.525,100,89.6,87.48,100,98.01,96.63,98.975,97.535,78.405,21.115,69.94,74.84,100,87.705,96.01,80.405,100,0.03,91.19,86.14,60.785,100,100,90.82,84.77,,100,97.39,12.24,39.92,88.815,100,95.9,100,87.89,100,97.105,95.715,,85.2,98.57,96.14,100,91.37,96.365,92.955,91.65,,100,95.12,100,82.275,1.505,,89.52,90.675,96.13,100,88.775,100,72.46,90.52,91.24,99.13,95.815,99.425,85.655,73.125,,,99.61,100,81.49,100,98.085,93.36,97.63,97.925,26.84,95.655,95.895,96.37,19.385,93.36,97.68,100,100,92.44,100,,98.775,99.315,91.29,99.585,94.39,,99.45,,99.895,100,92.06,,100,98.385,75.785,73.185,100,100,82.885,100,98.63,100,53.21,94.925,64.835,92.28,88.565,63.215,100,100,100,98.46,100,100,98.99,97.435,81.73,85.45,90.515,87.855,88.895,86.25,93.905,90.41,89.53,96.69,89.445,89.57,92.785,100,89.635,100,97.5
Capivasertib,100,100,100,2.28,4.67,1.46,93.15,100,100,100,98.605,100,31.1,95.245,31.41,70.975,62.75,67.17,76.755,91.15,100,90.6,100,92.73,95.91,43.895,83.14,98.605,92.43,97.545,100,97.045,93.62,94.21,93.28,100,100,92.245,89.81,89.58,99.225,99.225,81.875,81.875,85.92,99.395,99.395,89.12,89.12,99.37,99.37,92.585,89.615,89.615,79.59,69.605,94.56,87.935,98.925,99.655,87.165,100,94.075,98.76,38.13,24.005,86.265,34.25,96.06,94.945,99.715,82.285,99.125,91.405,100,96.14,98.06,94.735,89.21,78.615,81.865,92.005,100,100,93.4,99.505,96.285,100,91.57,89.94,96.955,97.695,99.305,96.345,87.16,96.665,79.165,85.905,75.85,94.715,93.87,95.145,91.585,87.045,87.72,91.055,88.145,85.635,74.385,66.45,100,93.135,98.82,78.835,80.705,94.475,85.6,92.605,77.6,48.2,78.735,90.3,88.26,100,75.355,92.295,100,93.465,85.45,97.94,98.295,100,100,99.445,100,92.415,100,100,30.86,51.295,53.86,99.8,100,98.145,98.86,98.09,81.48,22.69,88.485,93.055,56.36,91.23,91.23,99.18,91.84,89.77,100,77.935,86.895,79.135,54.37,53.7,83.555,93.04,79.995,95.905,97.38,86.825,96.5,73.47,57.575,81.27,87.27,85.75,81.225,43.115,9.5,7.05,100,83.48,76.79,77.805,81.575,90.335,89.93,77.115,100,97.55,82.055,100,100,100,96.735,91.355,93.435,91.865,93.475,91.3,97.085,1.145,4.28,96.905,98.9,90.105,48.365,66.51,76.545,87.615,100,9.65,67.895,92.93,95.025,100,97.98,87.44,97.625,0.28,24.605,24.525,60.97,44.26,16.53,55.235,32.665,6.76,97.3,79.605,42.54,49.31,94.025,85.325,4,,28.485,38.415,72.69,94.24,100,92.695,1.685,92.365,99.355,54.14,92.82,100,11.635,14.44,100,93.035,11.185,24.79,28.24,33.16,75.975,72.155,48.705,79.675,93.64,30.44,92.935,94.685,96.585,97.715,57.75,68.35,53.085,26.88,29.19,98.925,98.33,88.155,99.795,89.775,90.345,96.5,98.255,100,82.62,92.26,78.295,63.37,100,96.705,100,94.105,93.885,88.855,98.785,96.84,74.84,,97.08,95.47,80.76,88.79,100,88.26,100,100,,100,95.02,95.84,93.54,97.2,81.875,98.245,99.49,85.92,99.285,84.52,96.045,71.325,92.36,100,95.635,97.915,82.92,,19.645,,100,100,96.905,90.28,94.99,91.71,76.885,90.475,98.085,79.315,78.75,83.135,,,12.31,3.78,97.395,24.06,95.985,100,96.975,81.99,100,100,96.91,80.07,100,100,100,99.205,95.42,95.39,90.18,,90.42,92.93,99.315,91.99,99.555,,2.17,,100,17.77,92.735,,100,72.915,90.69,92.08,100,93.745,100,90.02,100,100,96.49,37.54,89.155,98.165,92.915,92.68,92.645,93.795,96.055,90.72,72.315,70.005,95.66,99.125,25.58,38.795,42.53,49.02,25.34,37.945,32.775,55.58,51.81,49.02,43.32,39.345,37.945,97.525,93.04,96.03,95.825
Capmatinib,100,84.08,97.56,95.415,100,94.17,89.66,98.41,100,92.085,95.295,91.865,100,91.735,97.5,100,98.245,79.89,91.845,97.595,96.26,99.23,100,100,89.795,97.785,100,0.54,100,93.845,92.145,84.86,100,88.045,93.335,96.725,88.275,100,89.575,84.155,87.475,85.15,92.015,97.015,92.175,90.365,100,99.405,91.44,94.09,94.36,99.25,100,90.35,95.495,96.28,95.64,98.03,100,100,87.555,97.895,100,95.775,97.05,99.23,93.895,93.03,96.375,100,100,85.905,100,96.81,100,100,90.455,96.42,99.675,87.715,87.65,96.385,36.885,99.82,93.26,99.04,92.55,100,98.295,100,98.595,99.955,88.165,90.645,94.155,87.785,82.74,96.12,100,90.845,100,100,92.67,100,94.01,89.995,100,94.015,93.06,95.545,94.87,97.265,99.67,99,97.5,96.805,98.86,100,99,95.415,89.19,84.9,79.335,98.855,98.68,92.185,100,87.14,97.635,100,97.685,96.21,97.89,87.195,88.375,98.175,95.695,92.885,100,99.845,46.51,96.41,97.76,100,100,89.33,97.625,97.15,89.72,94.665,88.495,100,100,93.715,94.84,93.505,88.225,93.33,93.72,100,94.325,96.125,90.83,88.365,90.655,99.27,90.62,91.355,100,93.41,100,92.405,100,100,97.45,98.7,98.65,100,99.64,100,98.315,77.805,100,93.095,96.66,97.83,96.6,93.005,99.985,96.005,97.93,99.245,91.56,100,100,100,99.51,93.995,100,100,92.15,95.96,92.305,93.17,100,89.255,91.555,88.35,94.685,100,82.12,96.345,97.54,92.255,95.26,96.055,95.93,97.495,97.195,89.605,89.355,96.955,99.57,97.52,93.485,96.795,92.565,100,89.81,91.25,97.765,96.24,92.69,97.995,100,100,98.97,96.1,93.585,95.73,100,90.8,90.635,92.665,80.745,86.005,97.265,97.18,73.6,39.835,94.94,93.59,95.305,94.49,91.35,99.805,91.065,100,88.805,92.51,95.625,100,79.19,98.175,100,93.15,90.495,92.58,94.69,100,100,94.46,91.47,100,100,100,100,99.105,93.725,96.695,87.825,90.72,91.8,87.08,87.15,94.86,98.565,100,100,97.455,98.95,,97.315,100,99.43,99.985,94.015,98.27,100,100,95.175,100,100,92.315,,92.62,91.785,91.21,99.925,97.215,96.55,99.15,92.65,,96.53,97.175,92.335,,91.22,,93.22,98.515,96.295,92.15,82.955,88.675,89.685,98.52,99.59,94.27,92.365,100,100,95.96,,93.16,100,100,95.03,97.815,100,93.395,99.485,100,100,100,98.925,96.705,91.58,98.755,97.33,96.27,80.275,94.1,94.165,,98.24,94.115,96.45,84.59,97.765,,86.84,,98.385,84.35,100,,100,90.135,95.34,98.075,89.68,88.825,100,,83.57,85.075,,92.56,96.385,95.06,85.305,94.835,99.7,100,89.45,,96.78,99.76,98.16,97.05,87.745,92.21,100,99.8,94.345,95.63,97.415,96.18,98.52,96.185,100,98.48,100,91.235,94.325,96.185,98.87
Ceritinib,89.41,96.73,2.84,100,100,83.885,1.745,99.43,100,100,96.36,85.675,87.855,81.645,94.34,100,94.49,71.71,100,97.805,89.88,13.08,96.665,87,85.335,76.565,86.165,89.565,88.455,97.38,89.775,83.825,90.57,65.665,77.845,54.39,100,93.15,30.44,7.35,81.2,99.31,100,95.925,89.065,86.655,93.275,84.77,92.52,93.51,100,78.56,96.9,93.205,91.98,11.175,99.845,86.475,97.145,94.415,93.12,100,92.46,100,7.905,8.865,74.195,25.95,88.84,92.305,92.965,85.815,86.935,22.275,100,93.85,94.33,98.405,81.47,90.71,100,92.625,75.795,92.51,93.235,95.58,94.655,99.5,65.35,79.19,86.05,73.665,93.155,99.355,99.06,74.315,41.295,72.79,61.805,3.565,1.595,0.25,90.825,90.11,100,51.795,91.14,83.07,44.1,47.85,91.25,60.91,98.085,86.065,100,91.11,57.3,91.765,80.38,86.08,78.74,98,86.63,86.145,79.55,100,84.45,98.045,86.1,1.88,71.14,100,87.94,2.21,97.635,85.615,1.135,94.805,100,92.61,100,69.385,89.595,71.765,92.22,85.495,87.865,94.39,96.215,76.55,0.57,89.255,100,94.19,99.195,96.16,91.665,88.585,94.73,97.885,86.255,47.05,100,98.705,90.755,86.575,83.44,91.525,100,89.935,96.815,100,87.99,57.405,100,100,100,92.64,73.385,96.895,94.04,82.115,81.145,67.405,5.555,90.205,94.965,100,89.955,83.76,97.87,100,80.985,82.8,29.53,98.305,93.53,93.965,99.175,93.26,73.57,98.79,88.82,92.48,96.66,98.01,95.825,85.53,75.025,91.365,79.87,93.26,9.865,51.005,86.425,94.605,91.58,98.315,85.07,99.385,87.51,89.545,84.595,88.995,89.585,99.18,94.07,80.445,60.225,90.73,91.565,78.695,86.865,81.67,94.76,72.295,95.89,64.115,87.08,96.315,89.24,10.295,88.705,100,76.76,63.235,78.05,92.55,98.2,2.285,40.155,47.975,35.35,43.65,100,99.885,99.325,91.585,82.635,69.755,100,49.47,30.555,96.645,0.28,84.39,33.62,82.61,81.71,78.78,95.18,77.21,84.005,93.975,93.425,100,100,76.56,99.925,88.595,93.535,89.62,30.99,91.655,2.7,95.045,100,30.18,60.68,86.56,94.355,,89.86,97.975,76.84,89.25,95.545,95.6,100,100,93.11,100,86.25,91.475,,93.56,96.205,100,90.885,39.98,95.51,93.375,100,,100,76.185,34.8,,73.95,,100,81.285,88.67,91.52,100,94.525,99.19,98.735,80.68,12.375,17.91,60.3,86.69,84.985,,,100,96.98,89.825,96.565,87.92,99.18,100,84.165,79.74,85.385,100,79.45,100,100,100,93.89,88.885,20.645,97.295,,93.03,85.59,69.74,99.49,93.43,,97.06,,100,91.925,33.315,,89.47,100,84.995,85.94,49.02,98.515,100,,10.665,36.95,,86.97,99.465,91.03,82.195,69.635,2.695,97.93,71.99,,100,100,97.585,100,98.535,89.22,82.46,82.015,73.705,79.065,81.745,90.09,89.73,87.75,86.255,81.06,88.5,100,100,95.88,100
Cobimetinib,93.253,89.701,95.37,99.466,99.322,93.476,97.144,95.315,78.733,100,100,92.578,97.477,93.962,91.451,82.762,96.281,100,100,99.961,91.852,95.662,100,95.648,93.319,95.435,100,81.344,94.623,100,95.026,96.389,100,100,100,100,99.543,91.831,100,93.994,100,99.874,98.341,95.741,99.065,91.513,98.645,100,98.526,100,93.024,95.513,98.236,95.325,99.2,99.774,100,100,98.92,100,86.07,89.759,93.352,87.456,92.306,100,100,98.729,86.606,97.581,96.619,100,100,93.873,99.815,100,94.105,100,99.188,100,98.948,96.595,89.416,98.31,98.001,99.401,100,98.249,94.252,95.167,100,96.594,100,100,100,89.292,90.667,88.046,95.236,98.932,92.585,98.467,98.033,97.819,100,98.745,100,97.281,83.989,95.227,91.833,98.321,95.057,97.093,100,100,92.703,100,81.939,100,100,96.483,98.695,100,100,100,100,100,96.887,94.027,89.352,100,100,95.437,100,100,100,91.893,100,88.285,100,97.683,97.477,91.059,100,97.821,94.27,100,100,100,97.621,100,95.618,96.823,93.402,94.454,100,100,99.507,97.887,26.45,40.16,100,100,98.071,78.265,94.159,100,93.224,95.086,92.362,92.748,96.295,98.613,97.023,96.771,95.873,90.334,100,99.785,100,81.73,100,99.136,100,100,100,99.955,100,100,98.811,95.65,100,100,99.76,98.805,100,100,100,100,100,100,95.426,96.921,100,95.144,92.159,97.189,94.412,95.705,92.265,100,89.243,96.233,93.859,100,97.927,100,99.311,97.674,100,100,95.298,90.466,99.034,99.391,94.581,95.251,93.028,93.059,99.379,98.075,91.478,96.002,97.264,100,99.502,93.812,97.731,95.613,100,97.071,99.748,100,100,89.975,100,100,100,100,100,91.205,100,96.504,100,93.697,100,100,98.154,98.321,96.761,96.742,96.496,97.271,100,97.894,95.966,96.705,100,92.539,100,100,98.382,95.817,100,95.231,100,98.894,97.063,95.384,96.914,97.887,100,100,100,94.558,100,100,97.416,92.669,93.831,91.795,99.938,97.559,89.456,95.202,98.291,100,100,85.276,95.737,94.304,,,96.383,100,100,94.208,94.285,,99.475,,,90.695,98.602,100,94.051,,91.348,97.13,92.026,95.215,95.801,100,100,94.602,100,99.039,93.715,78.722,89.116,98.008,95.164,100,95.42,92.492,93.266,100,100,94.264,96.912,,100,96.712,93.011,90.775,92.487,98.015,98.796,87.968,100,100,90.803,89.143,99.683,100,97.502,89.179,92.016,100,98.429,94.208,95.828,96.339,99.1,94.191,100,98.285,100,95.258,99.605,95.926,96.389,100,91.953,,100,83.517,,99.166,100,98.226,87.426,69.454,100,84.868,100,,88.405,93.191,95.183,98.461,97.917,100,91.493,93.604,92.388,100,100,98.718,94.398,94.904,100,93.8,94.994,100,89.289,100,96.571
Crizotinib,3.005,4.685,32.695,100,87.465,100,2.265,66.68,73.56,49.535,80.905,78.93,3.645,88.495,6.9,8.915,5.615,2.895,12.805,14.295,80.67,70.955,85.375,78.885,51.745,94.22,6.365,3.29,14.325,89.83,91.315,98.295,90.79,100,100,98.055,67.165,95.57,74.985,44.93,45.485,67.725,88.125,93.7,83.035,82.34,83.075,73.495,86.8,92.9,63.66,55.805,97.83,83.56,77.51,100,100,100,94.005,100,90.795,100,100,100,87.41,95.035,89.265,100,100,67.74,94.425,94.665,97.915,34.62,25.855,92.93,100,100,100,64.075,63.455,100,87.575,13.04,3.955,38.525,10.68,17.89,0,17.02,53.56,3.215,42.58,89.085,11.1,100,100,84.62,92.645,4.35,5.95,4.87,69.55,48.27,64.675,80.18,17.055,48.545,50.395,62.24,13.53,86.38,46.665,17.98,99.27,94.905,90.215,91.77,97.85,96.25,92.77,90.655,82.82,63.97,79.45,100,100,100,90.58,27.67,86.88,93.985,61.545,10.09,9.435,77.72,10.635,85.905,32.895,1.33,19.51,96.84,96.185,100,82.08,11.615,3.19,1.06,95.635,9.705,64.705,10.5,47.455,90.225,98.3,94.94,69.33,61.415,69.22,54.685,99.49,85.875,16.31,9.75,82.415,87.955,84.625,86.18,89.5,100,87.15,92.88,97.03,90.005,91.43,94.755,100,96.86,94.22,42.14,68.51,91.105,93.635,2.275,94.895,70.44,85.455,96.635,75.16,64.52,100,100,27.93,96.945,99.22,100,97.605,89.97,100,77.72,94.355,95.06,88.785,93.285,84.06,85.105,87.355,86.17,84.465,84.005,89.13,85.995,82.455,89.585,85.36,88.555,93.82,92.87,89.505,98.945,77.67,83.87,100,91.925,99.575,98.535,94.225,30.325,28.555,76.995,89.15,55.71,100,96.1,86.69,73.2,100,99.035,100,95.295,94.985,4.94,91.225,73.885,76.4,69.99,94.055,97.435,0.18,0,100,89.855,81.145,99.275,93.125,92.09,90.995,19.62,12.715,10.46,82.55,85.775,91.43,88.465,61.19,86.905,91.645,92.35,78.245,52.965,84.6,39.65,30.085,63.32,96.83,100,100,4.605,95.23,4.175,1.495,2.715,96.845,39.355,1.71,36.42,10.32,69.065,70.355,78.04,98.78,,100,100,38.265,98.435,90.68,100,91.8,91.58,64.44,90.525,73.025,88.485,,77.66,91.235,92.91,82.805,80.22,96.77,82.605,94.07,,96.06,87.93,31.045,,8.375,,90.135,89.37,100,88.535,84.285,92.49,91.84,95.98,91.785,76.77,88.485,6.87,95.24,2.055,,,100,92.785,86.175,19.525,89.77,95.055,94.105,100,65.93,54.215,99.335,94.345,98.855,97.29,100,97.08,82.295,85.06,90.1,,78.22,86.115,52.885,100,99.155,,79.83,,98.21,83.335,40.06,,89.7,91.865,65.885,79.805,97.62,97.725,94.62,,100,97.815,,90.015,49.71,97.735,86.145,46.205,65.765,87.735,99.395,,94.355,89.35,95.58,96.195,85.78,57.635,50.655,53.195,43.53,46.855,44.125,56.65,50.87,51.435,47.56,44.93,48,97.695,100,81.975,89.985
Dabrafenib,49.8,57.275,67.39,99.385,100,99.435,100,42.035,40.975,13.76,15.49,3.66,95.63,93.55,33.18,52.61,46.17,90.505,39.385,60.265,1.69,10.605,67.81,76.245,71.125,93.81,93.68,79.56,50.48,37.05,100,66.94,48.29,93.84,99.35,100,80.745,96.76,84.75,60.625,85.49,65.165,80.67,93.045,93.905,43.33,71.135,82.55,87.63,85.365,33.13,96.89,94,73.025,97.095,96.55,94.36,79.055,82.75,99.5,92.36,100,93.98,33.45,95.205,99.28,79.455,99.4,96.92,7.27,99.36,100,92.395,78.285,4.61,100,93.66,77.1,75.395,85.89,96.085,95.66,88.255,67.45,93.39,91.795,88.525,98.115,56.985,93.31,99.49,92.235,90.565,98.71,98.885,98.65,53.945,89.9,100,90.48,100,99.23,83.885,97.285,97.86,92.62,26.99,47.36,83.94,31.67,60.005,56.65,57.395,92.305,100,98.775,100,98.335,100,98.41,68.305,76.755,82.455,48.225,86.77,65.98,79.145,79.56,18.105,96.835,99.055,100,78.995,100,97.795,91.825,93.675,86.69,97.38,88.75,100,63.685,98.015,60.255,92.88,97.785,6.345,1.015,100,61.745,80.615,10.845,35.85,100,93.36,96.015,98.07,96.985,100,89.71,86.745,87.285,87.51,80.19,57.32,82.56,98.57,97.58,100,63.55,37.79,16.195,84.56,37.905,100,98.67,100,100,94.565,82.595,95.99,100,100,56.585,90.345,32.735,7.925,82.85,83.68,80.1,99.45,90.165,0.35,66.69,100,77.085,92.85,100,100,84.805,100,94.21,93.275,99.6,81.435,94.985,92.445,100,86.945,100,100,86.52,98.6,83.405,100,100,100,100,100,96.625,91.43,100,93.055,97.845,94.055,100,96.74,6.72,7.72,84.98,100,20.21,95.99,87.185,86.265,100,93.405,100,100,80.335,94.09,79.055,0.24,69.895,36.7,100,100,95.825,75.345,85.475,91.75,97.66,100,82.985,100,91.995,100,15.03,29.22,99.97,20.68,100,95.11,100,98.4,100,84.97,93.425,75.175,95.455,79.74,78.365,51.82,100,92.74,93.02,27.4,21.675,100,98.11,50.015,40.145,100,64.68,93.07,83.335,94.595,39.045,57.39,45.615,75.965,90,98.73,100,25.235,3.555,100,84.57,65.31,7.68,70.205,99.14,,,92.31,26.25,80.315,94.435,90.135,,88.705,,,89.35,99.525,93.275,74.645,,12.095,100,100,85.31,100,21.255,3.405,5.545,47.69,100,91.06,77.56,14.755,91.425,91.545,96.88,100,95.85,99.005,85.96,85.13,1.095,85.97,,96.455,100,11.29,89.01,76.74,83.13,100,100,98.06,100,94.39,93.8,60.175,100,99.73,99.365,67.07,100,100,51.87,99.995,76.07,96.37,98.41,24.65,3.965,83.91,95.665,4.045,27.14,100,100,96.87,,99.305,90.6,,95.67,3.03,7.61,100,71.505,9.815,93.455,96.925,,100,100,100,100,74.98,75.12,64.095,39.93,54.88,60.98,71.605,67.42,74.025,74.32,70.135,71.445,67.905,100,19.52,62.525,86.59
Dacomitinib,19.19,38.2,77.355,95.505,100,100,90.335,91.34,100,100,90.755,38.535,80.125,94.625,100,86.965,71.37,85.035,5.51,73.91,53.38,47.68,90.33,83.32,12.81,95.565,50.685,67.84,23.43,100,100,100,95.07,100,93.295,87.635,89.41,95.965,94.92,60.8,96.025,97.16,96.5,97.14,94.75,100,88.48,96.75,100,100,83.375,94.07,94.535,80.96,85.07,69.905,98.31,81.94,91.175,100,81.25,100,87.215,35.42,93.335,100,80.105,82.045,98.045,63.225,95.455,93.725,95.45,98.34,18.325,93.625,57.8,91.16,86.92,47.9,62.645,94.025,0.2,50.8,76.39,76.575,62.34,66.255,20.93,60.95,88.1,54.02,65.035,92.7,28.635,0.515,0,90.575,99.97,100,100,100,68.425,64.855,96.06,100,27.975,73.915,48.6,64.935,100,65.395,64.825,91.6,98.975,98.15,100,99.43,100,97.09,72.525,91.615,82.215,33.435,83.985,99.115,100,94.8,45.22,95.625,98.69,99.12,84.83,100,39.82,68.24,97.825,26.425,97.4,100,5.63,92.315,85.74,85.695,87.435,79.365,11.365,79.95,97.36,29.79,88.49,6.595,30.645,92.15,100,98.53,96.83,96.155,95.945,98.22,100,95.28,100,80.685,69.845,75.655,100,94.91,86.195,100,94.305,90.045,31.165,58.155,100,94.4,100,100,97.25,84.17,97.675,87.665,91.36,79.015,95.59,93.21,99.2,88.655,94.74,100,89.37,97.79,97.84,89.39,100,37.915,97.675,97.555,100,95.085,100,97.72,96.38,97.345,95.14,93.015,93.18,100,95.52,65.615,99.33,78.615,69.815,78.61,66.36,100,49.61,96.42,80.08,99.195,89.38,94.84,94.245,99.68,97.52,100,100,81.665,75.75,94.535,99.58,93.29,80.79,88.825,73.98,100,95.6,99.065,100,80.425,89.755,87.6,82.1,60.965,47.425,94.255,97.965,95.8,100,73.92,94.52,97.01,89.025,81.895,99.485,97.85,100,30.88,66.48,97.505,90.645,100,100,100,91.18,93.53,87.415,92.885,74.115,100,94.545,95.26,100,96.97,93.02,82.06,83.605,93.89,100,92.55,96.07,100,99.685,2.065,85.22,95.61,81.895,100,96.925,98.58,79.72,85.6,97.37,99.2,30.29,83.4,94.645,92.13,100,92.73,99.735,100,,,87.545,96.145,83.125,91.215,100,,92.565,,,85.41,94.24,96.63,100,,4.395,100,85.715,82.89,99.62,100,100,90.155,100,100,94.46,79.27,92.185,96.67,96.79,91.895,97.575,96.01,100,84.34,88.27,96.725,88.015,,94.78,100,63.78,89.325,91.92,100,100,100,99.585,100,92.545,96.875,99.855,100,100,98.255,54.775,100,99.875,24.765,95.09,77.04,94.225,92.87,92.98,52.585,91.18,100,37.255,44.265,99.95,91.73,75.385,,99.21,93.67,,94.665,99.815,90.265,95.115,64.22,90.375,100,100,,98.905,100,100,100,81.99,100,89.675,98.045,100,67.615,83.225,97.845,97.81,100,88.955,81.025,84.13,100,100,91.675,99.205
Darovasertib,100,100,96.535,93.415,100,88.76,67.095,100,100,100,100,100,93.84,97.435,98.86,90.135,100,94.635,80.82,73.95,89.14,100,99.335,86.22,100,98.615,95.5,90.53,88.32,96.405,100,93.58,96.29,76.7,94.53,80.63,100,94,83.855,60.665,88.09,81.34,93.815,93.47,83.155,89.895,90.32,100,96.605,99.9,96.24,90.2,59.31,63.775,97.835,100,93.165,100,92.89,100,100,100,100,91.205,100,100,100,96.275,98.07,97.84,84.46,100,95.52,100,100,72.73,97.745,94.415,100,98.345,83.76,100,95.835,100,91.475,97.585,100,96,92.155,100,100,100,100,96.735,94.48,12.32,100,99.32,98.735,98.845,88.855,90.035,100,99.455,100,96.64,89.665,100,78.73,100,100,100,92.95,20.05,100,100,82.24,86.69,88.135,52.935,63.64,63.24,98.325,86.97,81.95,98.55,92.485,100,100,100,98.315,100,100,100,100,83.745,95.82,100,97.605,95.85,99.99,94.85,100,100,100,94.73,98.725,92.89,99.205,75.245,100,79.335,100,94.435,94.765,95.745,92.425,100,95.715,97.79,100,84.2,100,97.685,84.85,94.96,98.575,91.49,20.39,81.505,86.885,72.83,100,100,24.885,8.835,46.615,9.03,96.16,94.13,100,85.285,60.415,99.04,100,100,85.9,100,99.21,100,100,100,96.78,27.43,98.38,100,100,89.16,100,95.64,99.15,97.215,97.28,97.78,78.41,91.45,83.04,72.455,94.5,100,100,94.475,95.135,98.845,70.19,95.465,85.225,67.06,98.835,2.465,0.98,0.475,0.11,0.19,0.21,2.27,71.935,35.59,27.22,0.125,79.075,75.815,95.015,95.38,93.72,29.33,20.675,97.72,94.15,97.665,96.205,98.595,99.26,99.72,95.13,97.875,75,100,93.475,40.585,53.665,69.15,34,63.495,95.835,72.61,95.125,94.51,85.665,87.73,100,100,100,100,96.02,58.53,98.33,37.53,86.26,93.49,100,100,98.02,94.475,100,99.335,100,96.065,100,48.74,11.09,5.46,100,55.62,87.835,87.58,100,100,100,100,83.245,,97.76,100,87.74,98.245,98.36,100,100,100,91.62,100,100,100,,83.845,84.97,93.77,99.845,59.615,76.755,98.81,94.35,,52.625,95.9,94.785,41.585,84.935,,2.815,95.43,98.06,100,96.645,100,100,100,90.12,96.08,97.39,87.06,62.74,84.755,,,45.465,62.48,96.045,100,100,94.51,100,100,73.18,96.955,100,99.275,98.6,70.885,100,94.165,95.89,95.15,98.09,,92.27,95.12,80.25,97.55,88.445,,63.41,,78.875,69.9,100,,96.84,90.92,91.18,93.525,95.345,99.925,26.56,88.52,67.055,79.4,100,50.66,97.035,100,95.365,86.95,94.685,100,94.89,100,100,100,93.91,100,96.035,80.98,85.08,97.03,80.67,78.23,83,78.86,82.2,86.845,73.36,78.61,92.025,94.6,99.04,100,100
Dasatinib,1.375,0,2.25,100,100,98.91,99.11,19.615,99.78,53.51,41.56,13.8,94.805,97.04,78.895,83.6,85.73,100,0,1.91,19.355,2.475,97.36,100,0.735,8.755,81.27,86.63,0.005,98.66,91.645,93.72,95.01,97.93,93.29,98.725,92.025,94.585,100,66.02,99.155,91.275,97.785,90.255,100,100,93.965,100,100,94.1,97.2,95.9,100,97.605,96.52,97.275,100,93.59,70.32,88.835,94.18,97.435,100,100,100,99.87,91.605,92.83,95.15,1.53,86.075,100,100,97.68,0.375,95.24,100,85.965,94.185,90.005,98.4,97.875,2.065,1.065,0.575,0,1.72,0,34.175,99.455,2.365,0.635,2.135,1.53,0.735,61.225,1.115,96.985,94.925,94.26,100,97.61,51.405,32.5,85.155,92.235,12.315,82.235,73.455,84.455,1.21,0.495,0,60.9,96.065,100,100,95.29,96.42,97.23,79.375,91.215,100,0.14,36.215,100,100,100,96.545,100,89.415,93.82,86.08,100,100,92.745,99.94,92.005,93.015,51.08,72.015,96.52,100,100,90.245,2.72,0,7.725,100,61.42,83.185,0.4,2.7,100,81.445,98.095,100,100,98.72,82.1,65.49,56.56,92.01,40.6,92.64,30.99,100,93.275,83.96,82.775,83.495,50.72,100,87.095,96.97,100,94.17,95.725,99.225,89.91,100,100,79.45,89.32,92.355,98.615,53.025,90.58,93.135,81.285,98.895,100,85.22,24.905,98.56,17.065,85.11,98.115,100,100,96.24,98.715,92.165,94.17,97.635,98.375,100,100,97.215,1.67,7.48,93.31,77.41,97.74,99.305,100,100,97.18,96.295,89.68,88.165,81.44,87.12,99.77,100,94.705,97.295,97.96,96.425,100,100,100,100,91.43,98.01,94.91,97.925,98.99,95.54,100,100,94.41,25.74,41.725,45.715,100,100,99.52,100,82.785,97.87,100,88.385,96.1,95.475,87.865,98.825,2.54,65.54,87.905,9.05,94.275,91.715,97.825,100,98.09,84.025,100,94.835,59.98,97.18,100,88.5,89.695,89.145,1.485,96.96,89.165,95.96,97.1,100,68.05,100,0.865,96.985,81.16,79.055,84.835,96.49,84.885,95.575,53.895,86.68,70.715,0,9.955,95.635,96.545,77.895,77.085,84.025,89.935,,,94.04,100,90.405,95.855,98.905,,88.915,,,100,93.56,91.145,97.29,,0.725,88.415,93.92,88.23,100,92.61,100,84.435,98.01,93.355,97.45,89.14,94.25,42.16,95.285,50.045,93.085,89.195,100,99.25,89.995,6.865,99.56,,100,100,3.805,74.33,99.59,100,100,100,100,98.43,94.215,100,91.895,81.145,93.41,93.78,72.39,89.33,93.4,0.12,89.81,67.845,100,77.8,89.335,7.47,100,100,2.22,2.225,100,87.445,94.285,,97.45,97.7,,93.55,10.18,5.6,98.4,23.625,92.415,81.505,100,,87.935,85.78,91.7,94.5,34.415,99.895,96.59,100,93.55,81.63,99.8,92.365,100,96.26,88.445,90.14,99.52,100,100,91.445,99.265
Defactinib,59.96,55.695,38.445,97.37,100,94,59.64,86.64,100,94.15,92.635,91.18,20.04,79.48,11.205,19.87,10.67,30.125,40.51,46.085,98.295,100,71.83,68.135,74.615,41.635,52.7,56.79,49.83,96.3,100,98.57,100,72.015,79.53,72.22,100,100,68.235,41.295,3.745,11.415,11.415,7.41,7.4,62.25,41.21,3.19,12.485,43.145,50.975,22.295,6.285,13.5,76.805,61.055,94.47,87.55,91.895,68.08,58.345,76.385,46.43,30.81,2.135,5.5,82.58,21.675,96.535,84.61,100,52.275,87.04,89.77,88.275,100,31.33,29.94,23.925,25.225,12.295,78.98,5.415,95.255,88.035,90.885,80.145,96.24,56.715,33.5,100,67.425,96.19,92.33,72.25,66.46,0.41,70.135,67.31,1.47,15.275,11.54,40.095,32.935,34.34,86.18,41.905,38.3,5.42,14.47,49.56,92.8,57.46,52.805,100,100,92.245,93.15,81.335,74.4,15.945,3.695,100,75.735,31.37,79.61,30.83,61.095,31.055,49.145,72.055,90.72,83.565,52,50.02,54.33,80.47,74.69,6.305,4.675,11.425,72.04,83.285,61.495,72.29,8.31,16.725,80.33,46.265,51.85,4.24,43.765,86.27,89.845,91.11,100,35.775,28.045,19.48,16.96,93.34,83.07,77.485,81.915,18.58,40.12,97.495,87.18,77.405,7.81,14.445,3.63,100,97.485,78.13,67.195,92.36,100,68.075,40.815,18.99,38.3,40.555,4.82,18.585,40.12,100,89.465,64.04,18.1,95.775,94.3,40.98,96.41,91.035,99.825,98.72,100,100,71.05,99.695,76.115,70.075,59.245,19.025,56.555,66.69,91.315,94.13,79.155,58.83,70.19,80.99,100,93.645,100,54.125,76.315,79.095,63.695,85.215,79.825,64.065,69.39,79.7,48.835,93.515,71.9,66.475,35.24,100,84.665,100,95.675,96.03,67.975,100,51.065,44.99,100,46.495,11.955,98.98,23.9,78.775,94.34,87.42,90.78,59.88,8.185,29.425,49.565,32.505,15.595,83.815,92.645,94.405,33.05,35.13,44.36,98.235,64.29,54.76,14.825,49.84,39.61,21.875,8.385,15.04,53.03,57.545,36.29,41.325,69.725,71.94,90.5,93.2,67.24,63.695,19.675,8.655,8.335,87.225,62.915,61.59,4.98,60.845,41.21,54.33,59.04,85.06,,97.87,100,39.785,100,98.32,84.385,81.02,100,16.475,99.045,29.52,56.335,,9.56,19.06,10.07,14.235,49.925,7.98,40.5,60.855,,8.77,77.03,89.22,,45.725,,28.54,70.17,95.95,89.09,28.845,79.525,55.37,94.53,9.52,81.65,92.03,11.67,88.6,11.01,,98.18,55.445,25.2,48.76,97.415,45.64,64.11,82.265,64.85,89.01,90.945,100,61.14,95.485,24.1,98.51,74.665,89.09,75.35,72.95,,68.955,93.015,86.885,86.765,100,,75.055,,92.98,49.79,64.56,,53.92,83.7,28.86,83.76,94.83,93.165,100,,93.38,86.09,,21.975,100,98.3,61.48,12.49,54.35,100,88.325,,98.54,100,68.56,96.22,5.055,38.765,37.065,50.395,22.005,26.26,28.715,42.895,41.925,50.725,34.305,29.92,55.155,19.365,17.125,24.455,28.3
Deucravacitinib,60.305,98.705,100,89.25,94.425,100,100,93.23,94.88,98.715,100,87.625,83.93,80.505,88.625,96.44,100,82.85,70.365,89.485,84.85,91.775,100,100,98,54.58,89.185,2.105,84.69,97.69,90.845,92.97,100,100,99.885,91.475,100,100,100,99.105,100,96.35,97.84,100,89.675,97.73,100,100,100,98.55,100,100,94.105,100,99.11,100,100,94.97,96.56,94.36,92.66,87.425,98.89,100,100,92.99,94.7,75.915,94.785,97.945,100,98.02,95.605,100,71.965,96.905,100,92.79,96.995,94.965,95.01,94.685,97.32,88,85.075,100,90.185,100,85.89,100,100,86.665,99.385,100,70.91,100,99.345,92.735,91.615,98.305,95.4,99.92,14.88,7.495,6.71,7.98,86.675,38.075,80.945,33.165,54.04,100,85.925,90.825,98.49,97.155,100,100,100,87.18,77.155,25.045,100,83.93,73.95,100,100,98.645,94.625,97.71,94.49,89.69,95.635,100,100,82.94,100,100,92.04,83.44,86.465,95.75,99.98,100,79.545,97.56,43.305,92.205,93.21,100,97.375,50.165,96.425,100,94.095,93.69,95.78,96.34,100,88.845,96.065,95.845,92.565,92.79,90.235,75.465,100,100,97.735,100,92.51,85.255,100,100,87.565,86.175,89.66,100,94.565,68.4,67.84,98.85,100,97.33,99.05,94.295,100,93.11,86.755,95.795,99.735,88.08,96.735,100,92.89,100,100,100,98.845,98.35,99.63,99.29,96.4,96.73,91.62,89.135,100,96.655,89.92,62.295,76.75,97.985,94.85,96.72,100,100,99.98,98.18,100,90.91,97.215,99.325,100,95.605,95.15,85.085,99.375,86.615,93.98,93.44,94.455,100,100,100,100,97.155,100,100,100,100,97.14,87.87,89.8,54.535,74.675,84.455,95.895,93.36,95.56,94.72,85.325,93.06,78.275,67.74,100,92.355,100,95.085,100,96.94,88.355,94.92,100,86.46,99.725,100,90.985,95.105,97.905,96.735,99.57,95.33,99.045,97.46,73.975,93.4,100,99.845,100,100,92.485,61.915,95.76,90.275,100,78.76,57.985,100,96.81,86.41,100,,100,100,74.37,100,100,93.085,84.512,100,39.205,100,100,93.775,,99.455,99.14,100,98.475,87.3,100,100,96.985,,99.32,100,95.66,,55.21,,71.82,100,100,84.79,16.775,90.4,97.625,94.785,100,100,91.175,79.4,100,36.01,,94.675,97.805,94.225,93.925,100,100,100,100,100,96.86,92.33,94.72,96.81,100,100,95.84,94.42,93.215,89.045,94.645,,97.4,100,98.29,82.27,88.02,,99.09,,98.21,94.885,99.615,,100,99.245,97.645,93.825,100,100,98.7,,95.28,100,,97.11,100,100,89.705,50.91,100,97.065,100,,100,93.83,92.015,100,96.725,98.68,97.755,95.075,98.76,98.935,87.39,100,93.145,95.49,100,94.085,94.365,100,98.535,100,95.56
Duvelisib,92.01,95.795,89.585,95.635,97.445,100,100,93.795,100,100,95.57,100,97.56,100,97.81,86.345,81.375,99.655,97.89,96.78,92.99,100,98.56,93.19,99.945,96.9,95.47,100,100,100,100,100,94.505,100,99.63,100,100,100,97.09,65.58,97.54,98.475,89.895,96.525,100,100,86.78,94.98,100,100,90.075,98.095,100,91.255,91.15,100,96.27,86.865,100,96.88,87.915,100,91.715,100,100,100,93.47,94.23,100,100,93.8,91.035,100,95.815,99.11,95.475,98.345,100,94.8,90.445,100,96.67,93.54,100,95.155,93.12,84.235,96.435,100,95.52,100,91.73,98.5,100,100,100,100,97.53,100,99.51,95.665,100,91.155,97.18,100,88.825,87.33,95.84,100,97.95,100,96.05,94.085,91.52,98.505,100,99.84,100,100,97.72,81.27,100,81.475,100,100,100,100,100,94.915,91.695,94.24,99.375,85.965,100,100,90.07,94.04,82.515,95.705,100,100,96.82,100,100,100,100,100,98.17,100,97.62,98.2,78.34,100,91.505,98.545,100,99.66,89.58,99.285,98.875,100,98.44,100,82.43,96.27,90.535,100,96.02,97.21,100,91.845,85.665,95.165,100,100,98.545,100,100,97.215,92.01,100,100,100,81.85,94.905,89.025,98.76,91.35,97,100,96.72,96.12,94.325,100,100,78.09,100,98.345,100,100,100,97.5,93.285,100,100,96.07,99.5,100,96.715,100,100,84.84,99.18,93.015,100,100,100,96.875,100,96.75,91.565,99.225,100,100,100,100,95.845,97.845,88.745,84.645,100,100,99.18,93.08,66.67,100,95.895,99.285,100,87.68,91.83,89.66,93.23,100,100,100,91.11,96.595,100,83.515,100,100,100,94.95,100,100,100,100,89.925,100,94.555,100,100,100,99.935,97.03,96.63,100,78.365,100,96.05,99.35,100,100,90.525,100,100,100,93.82,96.595,98.91,100,100,100,93.395,98.965,100,100,94.64,92.66,75.845,88.42,100,100,97.97,100,100,99.455,97.555,100,100,100,,,99.165,97.355,81.84,94.625,99.97,,94.615,,,100,100,100,100,,100,100,100,66.59,100,100,100,88.51,95.575,89.26,87.845,99.475,96.08,97.4,92.355,100,95.35,94.78,99.54,97.67,89.635,94.49,89.79,,100,100,94.61,93.19,95.995,100,100,100,100,100,98.61,100,100,93.475,100,100,57.335,100,100,96.295,100,79.74,92.25,97.365,98.555,100,100,100,99.04,95.885,100,100,85.16,,100,97.58,,100,100,97.3,100,100,99.46,100,97.815,,100,100,100,100,93.885,100,100,100,93.93,94.965,100,96.845,100,100,100,97.19,96.935,100,100,98.365,100
Encorafenib,97.44,100,90.365,96.4,100,100,100,100,90.02,100,92.57,2.585,98.685,97.085,100,81.965,91.64,100,97.21,94.785,1.985,80.8,97.11,92.755,99.985,100,91.48,100,96.26,100,99.355,100,92.815,96.375,99.585,100,83.68,100,98.455,67.5,96.4,93.755,89.065,98.02,97.035,100,88.56,93.645,98.325,100,100,98.01,98.895,80.89,95.56,95.735,82.35,80.41,85.38,96.03,47.44,88.15,88.56,100,95.89,100,87.08,95.89,100,100,96.255,90.8,100,90.835,98.045,100,97.76,100,92.65,97.585,100,100,90.03,100,96.425,95.825,88.735,97.025,92.575,96.74,100,92.975,98.425,98.725,100,96.415,100,88.245,100,100,94.66,98.945,92.835,94.585,97.5,99.93,92.43,95.195,100,87.075,100,96.72,93.72,95.52,100,100,100,100,100,100,55.235,8.535,71.725,98.825,85.225,100,100,100,45.84,100,98.815,100,81.99,100,2.475,90.265,92.675,91.045,100,100,93.915,30.135,34.37,17.86,96.01,82.655,100,11.48,99.875,100,94.885,78.05,100,94.725,98.64,96.125,100,98.48,98.82,99.675,100,92.92,98.88,79.715,100,84.535,51.63,98.31,93.78,77.85,37.915,63.385,95.51,93.625,100,100,100,100,92.245,79.05,100,87.7,100,78.365,96.21,97.8,99.17,95.735,100,78.165,96.565,94.09,99.53,28.65,100,46.45,63.895,100,100,100,100,93.785,97.485,100,96.74,96.675,97.41,98.245,87.905,100,100,86.945,100,92.065,98.55,100,99.355,98.58,100,100,87.915,99.635,95.765,100,100,100,88.03,85.705,86.245,77.13,100,100,93.285,100,78.095,99.76,95.48,98.635,100,78.19,100,90.78,0.335,97.68,56.03,100,94.315,96.41,100,89.215,100,100,98.35,96.84,100,89.185,100,100,79.255,100,66.485,100,100,100,100,90.795,97.69,100,81.705,100,87.195,87.855,91.2,96.07,94.225,97.195,100,100,98.64,98.695,93.745,100,97.85,100,92.34,100,100,99.97,92.895,96.84,76.465,93.6,100,100,100,36.475,95.86,100,98.73,100,97.735,100,,,100,90.545,78.775,93.91,95.57,,91.585,,,100,96.005,100,100,,100,99.69,100,83.405,100,75.24,99.65,85.375,79.105,100,97.67,84.11,97.845,92.15,95.68,94.04,100,71.54,100,96.64,92.41,6.095,92.135,,96.745,70.495,97.355,95.805,96.55,91.285,100,100,100,100,97.72,93.025,91.39,98.945,100,97.185,51.525,88.18,100,94.61,100,86.705,99.165,98.055,94.15,23.385,100,100,96.765,87.985,99.925,100,89.51,,100,86.325,,100,84.495,47.735,100,72.01,97.39,100,100,,94.4,100,100,100,96.8,100,100,100,100,92.6,98.7,100,100,100,96,91.87,88.935,100,100,90.305,99.815
Entrectinib,30.85,33.63,2.66,92.72,96.92,96.24,1.18,99.44,100,100,100,94.975,6.535,82.625,21.46,63.96,72.91,26.405,19.485,6.815,98.47,28.885,96.245,93.29,4.86,61.99,99.355,94.77,18.72,92.49,92.75,92.71,96.155,93.04,96.8,94.345,100,91.385,58.55,33.265,96.07,95.07,90.685,93.83,100,97.65,92.685,95.33,97.775,100,97.275,84.28,99.62,100,98.045,89.15,98.36,100,91.995,98.7,97.98,92.325,76.61,89.565,88.495,83.5,97.87,90.27,93.1,95.14,97.855,90.985,94.705,91.12,10.66,93.47,100,100,96.425,98.33,100,100,94.45,79.28,77.45,80.655,93.17,88.74,51.855,78.445,98.965,81.06,90.495,94.89,57.28,94.82,95.045,96.095,94.585,20.4,8.485,61.41,23.175,18.465,26.65,82.385,4.56,58.74,3.89,37.055,6.55,54.055,17.95,53.97,94.775,100,85.59,95.01,100,89.07,99.515,91.52,0,17.075,86.355,100,97.62,100,100,13.455,84.515,100,91.985,27.97,97.04,96.22,2.465,31.595,6.715,1.03,23.715,92.8,94.05,93.33,85.015,78.075,17.86,49.24,81.735,97.81,77.995,27.465,56.84,100,90.71,100,100,95.76,97.14,90.975,98.735,91.415,98.45,89.25,76.495,94.11,94.69,87.425,92.925,71.69,69.065,45.285,100,100,100,99.47,100,86.405,94.345,36.17,91.505,92.505,90.555,4.12,85.8,100,93.635,100,100,94.255,94.035,93.295,92.675,91.455,93.685,100,100,100,100,99.435,96.045,94.06,100,96,74.43,99.095,91.67,100,92.63,90.37,64.25,78.74,67.76,98.965,99.855,88.24,99.47,100,96.445,82.96,90.535,73.625,91.895,85.76,78.19,86.785,90.795,90.315,100,73.81,99.385,100,80.29,87.895,90.6,82.295,98.665,97.545,97.445,100,98.175,31.355,100,0.4,91.81,88.57,98.37,95.4,96.815,0.685,90.415,93.615,73.68,90.51,99.575,100,100,94.77,75.815,35.59,89.56,91.69,90.955,88.45,98.115,97.37,73.325,57.63,87.98,89.405,90.97,93.91,87.4,100,79.505,25.975,96.565,77.58,93.215,0.96,0.195,1.165,95.89,0.92,2.705,2.095,86.22,97.525,96.28,94.61,94.775,,100,88.025,8.585,99.93,95.385,100,100,100,85.03,98.285,93.925,95.555,,100,94.275,86.835,100,79.825,87.595,94.39,96.57,,95.94,93.78,86.1,,3.985,,100,100,100,93.805,91.02,100,100,100,97.77,91.715,90.8,74.88,86.26,3.685,,96.31,95.245,86.89,88.3,97.365,80.265,99.055,97.725,100,100,100,96.675,85.74,100,82.96,100,96.295,93.03,90.115,98.365,,95.33,100,80.02,99.34,96.3,,88.5,,100,83.505,59,,96.66,100,93.45,91.08,100,100,100,,98.165,98.26,,60.335,91.66,93.66,96.47,78.815,21.465,90.84,100,,100,99.34,100,95.385,100,66.04,64.21,67.04,59.985,65.81,61.62,67.7,65.255,71.25,62.37,59.71,72.86,98.755,95.855,85.12,100
Erdafitinib,9.075,26.54,81.575,90.575,94.715,99.155,91.93,82.02,100,96.79,100,56.08,86.255,91.115,89.325,65.315,86.16,98.51,17.065,33.735,45.905,64.465,100,99.65,63.645,1.975,92.665,64.575,30.185,95.895,86.035,86.35,99.39,97.73,99.18,98.095,100,99.59,99.215,96.4,100,97.895,96.335,98.465,92.58,96.975,93.02,100,96.55,100,100,100,98.64,96.445,91.95,100,100,92.44,94.7,97.01,92.185,90.32,97.93,96.56,100,100,96.56,86.92,91.36,26.385,97.12,94.545,100,100,6.505,97.97,100,95.59,96.29,93.37,94.055,99.755,98.75,13.845,23.585,45.545,18.455,12.375,41.135,100,76.36,10.725,31.01,78.68,10.29,97.525,86.895,87.045,94.61,96.965,100,100,1.015,1,0.915,1.965,19.075,3.41,86.985,2.095,2.43,88.725,47.67,99.605,100,99.705,100,100,100,91.235,99.685,91.685,93.2,16.925,84.555,100,96.94,100,97.395,92.5,78.42,91.8,97.615,100,100,89.28,100,94.095,100,96.85,100,92.295,99.265,91.55,8.15,80.3,8.285,79.865,99.375,92.37,100,2.175,20.565,97.345,100,100,92.975,93.48,100,94.56,93.71,97.695,83.075,90.85,98.395,80.86,100,100,90.665,66.855,78.87,71.56,96.41,89.74,91.385,91.63,94.07,100,98.555,91.34,89.11,85.71,100,94.435,100,34.72,100,99.35,91.5,97.79,100,94.51,100,93.23,98.425,100,90.51,98.175,100,99.205,88.865,100,99.6,89.475,91.415,92.5,94.305,100,100,5.47,21.245,96.37,100,100,99.495,100,99.225,94.045,100,94.29,99.085,91.125,100,91.775,94.105,91.465,92.41,83.91,91.29,99.02,91.19,98.21,100,97.87,100,94.96,100,98.215,100,100,100,98.215,38.56,5.33,27.53,79.515,98.67,96.485,96.015,91.525,90.8,94.255,96.155,97.835,100,93.625,97.57,73.495,93.105,93.63,100,96.06,99.37,100,94.065,98.565,97.705,95.325,96.14,96.955,100,95.185,94.845,100,96.455,84.515,67.41,51.945,100,100,100,92.2,96.535,37.125,84.5,80.19,95.79,93.135,100,90.535,98.725,,100,100,24.655,80.72,92.905,93.355,73.78,99.91,94.49,99.44,100,93.46,,99.015,90.435,98.78,100,93.215,100,97.55,96.995,,99.925,100,97.35,,4.215,,95.91,97.71,98.375,47.685,3.05,94.195,81.245,93.195,86.735,100,83.01,86.07,97.515,86.755,,96.97,88.72,100,97.105,68.65,100,100,99.905,100,88.945,100,100,96.57,100,100,100,94.285,98.165,94.31,90.51,,96.835,100,93.465,81.45,87.595,,100,,97.56,86.115,99.12,,100,98.085,73.02,64.29,95.625,100,100,,99,92.295,,94.045,73.39,92.68,87.46,16.955,99.055,96.03,100,,99.46,95.79,93.18,97.62,97.25,100,97.065,94.73,99.745,100,90.005,100,94.515,92.375,100,93.79,96.41,99.575,97.925,97.235,94.945
Erlotinib,29.451,33.194,78.699,97.249,92.84,99.906,72.99,98.276,84.262,100,100,89.723,86.906,96.024,77.901,56.378,90.237,100,51.979,88.813,88.838,60.94,92.672,100,86.889,87.749,100,65.593,57.827,100,95.951,96.644,100,96.415,99.565,92.433,100,97.229,100,100,100,99.053,93.364,99.612,93.741,98.49,99.119,100,96.469,96.642,86.805,93.376,94.825,98.093,100,100,100,96.651,95.523,100,86.744,87.437,99.177,80.931,92.053,100,97.654,92.57,91.564,84.32,96.097,100,100,96.654,48.77,99.671,92.569,94.817,100,70.365,82.607,96.727,0.564,96.169,89.151,94.077,96.517,87.522,50.003,70.703,89.87,89.031,96.159,99.625,86.509,22.491,22.363,88.092,99.024,100,96.802,93.036,79.257,49.31,96.157,94.485,78.158,61.353,38.683,51.267,88.875,94.323,85.981,93.939,100,100,95.708,100,87.231,98.4,100,97.278,100,69.862,100,100,98.992,100,87.721,95.583,89.722,100,100,97.286,100,94.284,100,100,89.449,100,83.212,96.218,98.484,96.211,67.011,88.934,50.284,87.112,95.794,10.49,62.704,40.379,84.083,99.11,89.298,97.208,100,100,100,97.683,100,95.179,100,100,100,61.666,100,95.954,88.346,94.701,100,83.472,52.385,66.046,94.784,96.443,100,96.081,100,100,95.598,77.371,99.289,100,100,94.493,100,93.151,100,94.343,99.227,99.222,100,99.774,100,86.311,95.619,100,100,100,95.833,96.61,95.417,91.121,100,95.892,93.157,94.998,95.612,86.278,91.823,100,89.118,100,100,100,94.039,96.049,100,100,100,100,94.876,90.374,100,98.688,95.129,88.641,91.974,90.208,100,97.036,91.904,98.973,100,100,100,92.782,94.952,100,93.695,91.534,100,50.465,55.335,92.266,98.856,100,95.961,100,100,94.97,99.614,96.223,95.322,100,94.816,87.397,31.428,94.988,95.274,95.81,95.589,100,90.768,98.439,77.996,96.404,100,94.912,100,100,100,95.031,92.851,92.202,100,97.461,97.122,96.717,97.087,98.303,100,83.593,66.255,97.497,97.694,100,96.608,80.924,90.282,86.926,93.834,95.461,61.883,97.226,100,100,100,100,93.149,96.953,,,93.134,99.138,97.278,93.505,93.25,,93.578,,,87.353,97.22,94.688,95.622,,16.471,92.995,89.46,100,98.481,100,74.316,91.132,100,100,98.196,79.445,85.171,97.062,99.932,100,100,95.529,90.76,100,98.232,93.076,100,,100,98.276,29.057,89.043,91.743,100,100,100,100,99.705,84.188,83.685,98.822,100,100,89.994,95.474,100,100,55.563,92.262,85.033,99.895,94.146,100,94.654,98.814,95.242,88.407,90.013,96.759,100,83.799,,94.624,87.606,,99.446,97.939,94.989,89.567,76.836,90.58,82.321,97.665,,91.586,89.887,93.282,100,58.147,100,100,92.256,94.246,87.316,100,95.398,100,89.446,98.051,93.436,95.804,100,89.427,100,95.489
Everolimus,83.975,100,89.595,94.55,100,99.84,95.595,100,78.44,100,100,90.395,100,100,100,94.17,97.465,100,100,100,100,100,100,95.005,100,94.455,97.83,92.66,99.63,93.05,87.29,97.015,99.29,100,97.065,100,100,100,100,71.18,100,97.725,95.535,92.035,100,100,91.735,100,96.025,92.225,100,93.925,90.535,96.84,97.93,100,95.665,82.455,90.76,100,100,96.175,100,100,100,100,100,97.375,94.69,100,83.575,100,100,100,87.56,92.46,100,92.78,95.605,97.615,100,96.2,82.225,92.94,96.73,86.905,98.505,100,96.89,97.645,97.39,94.065,100,100,96.695,98.4,100,96.9,100,94.95,88.78,100,100,100,100,92.52,100,94.2,100,99.335,100,100,100,93.495,94.9,100,98.385,100,98.92,100,78.48,100,100,100,91.115,100,100,100,100,100,86.85,96.495,100,100,100,91.475,99.405,100,98.47,95.885,97.745,98.595,100,100,100,99.65,100,100,100,100,97.99,99.92,97.86,100,94.69,99.92,100,100,100,94.57,98.905,98.24,97.83,90.63,90.79,91.9,100,98,100,100,100,78.925,100,89.46,94.04,96.545,98.47,100,100,96.915,100,100,100,80.615,97.43,95.145,100,100,100,100,100,100,84.86,100,96.88,96.08,100,100,100,100,100,99.195,92.78,93.325,97.07,100,97.285,98.04,100,99.06,100,97.635,84.415,93.33,99.915,89.43,100,95.305,100,100,95.28,100,88.535,96.915,100,100,100,100,100,100,96.98,92.67,98.7,100,96.885,100,91.005,100,97.03,100,100,96.45,95.075,91.51,100,100,97.995,97.34,99.84,84.385,100,97.685,88.12,94.265,94.985,97.415,99.665,97.085,87.265,89.645,100,97.37,93.65,99.735,100,100,77.82,100,95.135,100,95.7,100,98.925,100,100,96.48,100,87.71,100,100,100,99.64,100,87.86,100,91.02,100,96.88,100,84.68,100,82.405,100,100,100,93.475,99.335,100,100,93.8,98.59,97.645,,,96.805,100,87.73,100,100,,93.155,,,96.715,100,89.975,99.22,,100,100,100,100,99.41,94.6,100,100,87.46,100,90.23,74.65,100,91.36,100,100,100,85.255,100,98.11,100,100,100,,100,100,95.42,100,90.08,94.4,100,87.625,88.12,100,95.8,100,99.61,83.58,94.675,97.31,71.38,84.695,97.535,91.82,95.88,66.16,94.64,93.095,99.38,100,86,100,100,100,100,96.535,87.54,,93.9,100,,93.415,84.175,91.77,100,94.47,97.915,83.295,100,,88.995,84.36,99.38,100,100,94.25,99.595,84.66,97.465,93.035,96.78,100,98.02,89.3,97.31,97.715,90.35,100,97.895,100,98.695
Fedratinib,17.325,22.79,6.635,90.5,96.065,95.125,74.2,66.155,30.65,100,100,77.555,6.55,89.91,39.09,34.315,7.9,23.69,32.11,19.605,88.845,40.235,97.355,95.625,70.105,13.705,71.335,93.635,28.59,81.33,99.63,75.83,92.755,32.035,83.76,55.465,100,89.295,81.35,83.745,98.525,94.685,92.69,91.31,97.905,76.17,58.33,92.675,88.28,93.585,75.775,74.94,93.395,97.455,80.74,49.96,99.69,97.64,93.91,95.4,89.675,100,79.97,87.39,73.34,81.57,99.175,89.375,91.35,64.815,100,2.65,25.785,66.41,11.66,97.89,93.19,99.565,92.095,77.975,96.73,100,85.945,87.105,67.09,82.805,91.915,89.725,64.22,72.75,99.97,47.17,86.12,92.65,70.21,95.505,72.755,90.485,80.715,5.58,63.55,32.945,27.225,26.555,32.915,82.555,19.9,34.435,1.82,11.635,35.47,60.265,16.455,92.435,100,92.34,95.97,97.165,100,93.695,98.395,92.425,88.495,46.765,94.07,95.41,97.195,100,77.11,50.245,95.37,65.36,51.45,62.675,80.35,92.49,79.48,100,5.765,0.585,25.325,32.15,69.16,21.815,36.57,98.56,12.89,70.565,98.505,73.065,43.41,23.55,67.045,100,93.94,94.84,91.135,71.055,63.61,43.14,98.525,88.15,93.995,82.455,57.435,97.66,83.63,61.165,79.37,77.35,80.48,78.995,96.665,65.63,100,94.06,95.99,100,93.43,80.82,93.98,92.76,84.915,13.865,90.955,80.065,77.17,100,92.025,85.03,96.48,96.38,38.7,100,95.75,99.97,96.33,100,100,46.04,96.65,95.23,100,87.27,71.48,91.52,88.65,100,100,50.47,36.825,86.655,33.37,100,98.245,84.955,100,98.03,92.85,55.335,74.385,21.945,93.845,89.065,97.16,32.65,89.385,77.89,89.84,92.405,96.25,100,83.725,81.05,85.875,55.35,98.59,79.83,92.78,97.17,94.455,50.01,97.17,0.14,75.355,98.525,95.545,97.975,98.725,9.33,79.545,83.665,82.78,68.735,97.625,100,94.265,3.165,78.175,50.97,100,100,100,49.425,9.54,96.7,50.57,65.055,89,87.635,98.015,81.655,58.9,95.555,55.92,78.165,58.87,86.45,89.82,43.78,36.29,21.33,93.435,45.37,84.16,6.445,81.47,61.475,47.105,64.32,80.55,,95.625,82.445,13.225,72.225,98.39,2.31,98.86,100,78.49,100,92.165,86.035,,90.655,99.75,97.13,100,47.375,90.31,76.75,94.87,,82.93,91.61,63.525,,4.825,,50.465,92.335,97.09,19.445,56.015,77.94,57.32,100,81.02,76.53,33,85.29,88.915,65.365,,97.22,92.015,75.31,81.585,93.24,76.165,100,98.205,96.79,89.56,100,89,100,91.535,100,96.035,96.465,20.9,100,74.515,,91.555,100,100,89.33,95.14,,82.4,,100,82.205,45.34,,100,100,11.17,50.605,90.17,100,52.13,,100,86.52,,71.505,94.33,100,92.265,95.72,56.5,93.565,97.71,,100,96.645,100,100,29.955,91.04,89.79,88.905,85.825,91.46,85.185,77.305,84.525,87.44,76.355,73.5,84.365,89.635,47.58,63.13,80.88
Fostamatinib,89.205,80.405,33.695,100,97.685,96.014,61.08,90.415,100,100,92.366,92.822,24.122,99.23,2.999,20.375,9.978,48.295,48.507,18.405,100,72.49,95.305,92.28,18.52,55.79,94.225,71.248,24.345,100,100,94.325,98.215,100,97.375,100,100,98.475,91.615,53.71,96.755,98.93,89.215,94.75,98.135,100,92.95,93.445,93.57,100,82.05,93.94,98.26,86.775,88.76,88.15,89.774,100,92.625,100,83.01,100,93.158,62.387,86.465,100,88.405,87.265,92.295,47,98.26,84.29,87.631,100,28.02,89.75,93.905,96.27,94.305,86.83,96.955,92.437,2.245,7.19,12.12,46.02,8.535,22.735,11.708,17.71,92.97,9.83,57.885,92.405,35.625,13.04,25.245,94.848,96.76,23.09,30.805,41.875,47.58,30.26,61.5,88.37,44.35,34.325,2.785,12.81,67.095,67.375,61.85,93.35,95.44,96.105,97.105,95.095,100,94.66,74.27,76.325,78.06,48.844,100,100,100,85.34,89.88,17.325,79.496,87.03,55.43,29.125,71.48,75.06,87.1,75.84,32.34,9.355,31.985,25.34,60.51,27.522,70.037,100,20.23,35.092,82.36,65.793,30.65,28.2,69.79,97.21,96.485,96.789,90.33,80.9,93.1,85.66,97.385,97.84,100,79.105,100,87.455,100,96.925,95.05,14.635,5.805,14.904,97.84,93.49,100,100,100,98.608,93.79,92.53,99.755,100,96.56,9.25,98.79,57.4,100,86.682,80.363,84.985,100,84.005,0,100,93.489,91.944,91.203,100,100,82.83,100,75.02,66.595,80.045,43.645,61.214,89.705,97.75,93.545,47.57,50.695,54.965,97.205,84.765,100,100,100,79.1,46.746,90.685,86.61,73.815,84.098,84.679,94.039,94.19,99.015,92.74,88.17,89.195,98.47,94.56,90.74,88.49,71.78,100,99.69,89.81,77.475,100,90.75,15.09,100,9.93,100,83.496,89.23,91.28,22.085,4.245,96.029,78.757,95.835,78.245,82.811,100,100,52.694,50.82,57.163,90.817,100,100,40.45,45.04,90.268,62.16,71.8,75.559,53.975,90.945,100,96.99,100,81.72,24.93,86.604,43.425,92.78,87.345,48.71,46.28,89.747,58.41,64.25,66.86,55.4,41.415,88.905,25.6,98.894,91.72,100,97.542,40.235,94.936,100,83.936,100,95.597,93.42,100,,,91.243,90.23,75.5,90.68,96.773,,92.885,,,94.98,91.956,95.501,100,,24.865,93.277,81.46,80.08,100,100,94.395,72.275,79.135,94.146,98.292,65.128,95.085,92.617,96.695,97.564,93.789,97.796,92.045,43.61,95.065,88.42,89.115,,96.88,100,100,100,100,100,100,84.895,100,92.22,100,98.805,47.195,81.695,86.408,100,61.71,100,100,16.792,74.884,69.835,96.245,77.025,20.86,100,98.104,99.108,43.744,94.201,100,98.796,93.185,,91.26,79.17,,76.11,94.845,94.08,89.415,97.545,36.705,100,89.57,,85.991,97.24,100,100,72.025,79.62,80.14,43.54,65.815,63.465,67.715,72.685,81.785,71.28,77.75,65.295,69.96,95.711,95.73,92.575,100
Futibatinib,95.54,97.19,91.26,91.405,100,100,95.975,90.61,97.71,96.245,100,85.53,85.575,88.8,79.48,71.845,94.31,93.445,57.4,4.845,88.915,94.83,95.09,93.195,71.835,86.79,92.695,100,95.235,99.625,90.67,99.385,98.69,100,97.545,100,97.8,89.115,100,83.12,100,95.255,99.855,100,100,94.67,99.06,96.895,94.52,100,98.48,100,99.12,100,100,100,100,94.345,45.21,100,88.125,100,87.315,91.97,96.44,99.135,100,100,93.715,94.385,100,97.94,98.255,97.025,81.565,99.59,95.37,96.395,100,96.85,95.235,100,95.035,94.1,99.92,97.74,100,96.765,86.595,87.635,100,99.285,100,100,98.795,98.815,88.575,94.115,88.845,100,100,100,0.975,0.7,0.955,2.065,18.52,87.865,67.175,58.175,73.34,99.365,98.815,100,99.425,100,95.22,95.965,100,91.15,96.79,97.9,86.135,85.38,98.5,99.76,94.005,100,89.135,96.065,93.38,100,96.025,98.135,98.105,96.93,100,100,35.625,18.565,80.725,90.565,97.41,92.875,95.25,98.015,82.69,78.135,98.48,93.26,98.115,89.06,96.36,97,95.28,100,100,100,100,100,95.805,90.975,85.915,89.2,97.05,98.18,96.37,90.875,88.005,100,82.435,88.225,100,95.97,97.01,100,100,94.11,98.165,94.295,96.415,99.525,90.8,84.835,92.585,100,83.45,100,98.62,88.76,98.635,96.75,97.71,98.68,89.76,100,100,100,100,98.735,100,100,97.325,98.995,91.645,94.455,94.165,100,98.96,94.485,85.45,94.98,95.705,100,96.83,96.735,100,100,94.195,94.265,86.1,90.305,96.205,89.135,93.78,95.94,89.725,95.105,100,90.995,100,100,95.395,100,99.885,97.065,98.355,100,94.415,98.625,100,86.55,92.575,2.305,92.145,94.79,99.38,98.1,100,41.875,95.295,98.55,92.61,97.975,93.81,96.51,87.125,100,86.96,94.67,100,96.19,97.6,98.995,92.99,97.84,94.86,97.405,100,98.485,100,100,100,100,90.045,80.065,93.865,100,93.29,80.52,34.525,21.59,96.125,77.365,95.555,96.605,93.84,100,100,100,85.145,,95.37,88.335,29.675,93.165,53.905,98.37,100,98.45,81.605,100,95.035,92.415,,100,100,99.12,99.195,99.35,89.795,98.685,95.585,,95.775,100,99.33,,43.605,,99.88,89.77,95.99,99.79,81.44,100,100,98.965,99.875,94.445,93.225,100,92.175,100,,99.18,95.93,94.88,90.02,100,90.125,97.365,100,100,96.385,100,96.045,94.05,39.575,100,93.08,94.415,93.205,96.81,91.965,,96.865,93.56,88.47,97.49,94.905,,91.895,,100,91.48,95.765,,100,100,95.635,97.49,95.025,99.43,95.625,,100,90.62,,98.505,99.955,94.085,98.035,95.185,76.21,91.605,98.4,,90.775,97.36,96.195,92.215,100,99.765,100,98.925,92.205,100,94.235,90.75,100,100,100,100,100,100,100,90.355,100
Gedatolisib,100,97.02,98.02,99.145,100,94.195,95.39,90.765,100,92.7,93.32,68.135,100,91.54,100,99.27,87.855,94.75,91.21,96.75,43.485,100,99.07,99.55,92.61,98.38,100,94.025,100,99.655,99.21,85.855,99.17,92.93,93.635,98.28,95.295,93.795,100,90.795,87.355,97.81,88.875,100,93.64,100,98.19,94.63,95.32,89.255,93.965,100,100,100,100,90.68,100,96.01,79.04,81.9,90.365,100,96.32,95.65,88.165,96.495,100,90.05,92.7,98.96,100,86.075,92.32,90.855,100,100,89.555,100,96.13,89.68,85.135,86.6,90.5,98.755,98.98,90.865,98.79,88.235,98.345,100,100,87.875,100,100,94.38,98.585,90.55,84.665,100,97.915,100,99.67,97.04,100,94.775,100,98.195,94.93,94.545,92.765,95.55,94.495,89.545,100,97.9,100,95.71,100,85.78,100,89.995,87.97,100,100,92.505,98.54,97.125,100,95.56,100,96.62,93.32,91.605,92.31,100,100,100,89.38,90.475,95.205,100,97.235,97.095,96.255,99.985,99.91,89.66,93.18,100,82.02,86.635,100,99.58,89.575,95.265,96.64,100,99.92,96.665,94.225,92.64,96.2,92.23,96.235,92.66,96.15,91.915,87.11,96.925,98.235,99.885,95.37,100,100,91.745,93.845,89.32,100,100,96.57,94.335,94.075,100,100,79.665,100,100,93.85,99.055,97.99,95.015,97.3,81,99.655,100,90.385,99.96,99.95,100,100,98.14,90.77,94.2,87.71,100,100,92.955,93.425,100,99.96,86.14,94.065,95.29,99.665,96.06,99.4,95.35,98.125,100,87.785,82.43,89.41,100,89.48,97.62,90.58,90.385,100,96.3,87.97,96.15,94.535,92.875,100,100,95.215,97.63,96.99,97.3,99.1,89.89,90.18,65.12,100,85.115,83.66,95.165,95.84,100,100,91.055,99.145,93.505,91.57,99.555,98.255,99.81,99.305,84.38,96.03,97.54,100,99.26,100,96.42,96.97,100,85.425,92.945,100,100,84.475,51.395,97.995,96.835,100,98.005,95.97,92.445,96.42,98.685,100,91.28,96.28,91.94,90.94,96.15,99.475,100,100,96.52,,99.27,100,97.76,100,98.54,99.845,95.53,100,92.44,100,100,89.535,,96.085,96.48,94.925,100,91.02,95.815,100,90.18,,83.625,100,100,,94.19,,84.57,26.515,96.27,96.145,76.2,86.93,93.54,99.375,93.17,93.895,87.75,98.225,92.145,92.28,,98.645,96.265,84.38,96.45,96.195,99.4,95.31,85.71,100,98.485,94.815,100,86.075,96.365,100,4.975,100,88.555,89.135,93.44,,92.73,90,88.68,87.925,94.125,,98.895,,95.2,85.995,94.505,,98.955,100,93.72,100,83.04,92.165,100,,89.75,90.93,,91.4,99.27,100,86.755,93.745,95.58,99.985,94.23,,100,100,100,94.095,87.81,98.105,96.18,98.345,90.29,97.675,89.18,94.74,100,92.25,100,100,100,100,99.175,97.745,100
Gefitinib,60.97,74.82,70.72,90.11,100,99.18,92.73,100,90.085,100,100,73.965,92.04,96.135,98.995,90.34,91.83,97.51,50.63,100,79.14,68.005,91.705,93.49,54.25,99.81,77.285,71.27,60.705,96.635,89.855,98.29,93.135,70.67,92.8,55.665,100,94.5,100,64.15,100,91.835,95.315,94.91,100,98.095,89.565,100,98.155,91.78,94.825,92.345,100,97.595,91.955,69.29,100,88.315,83.86,91.39,94.98,100,93.36,96.345,96.51,100,100,87.015,97.175,89.8,82.285,92.655,100,91.52,72.3,100,100,93.52,87.68,71.23,72.88,98.17,0.1,84.465,90.36,81.205,62.875,73.67,22.555,75.62,89.52,76.3,64.195,95.36,57.215,7.82,3.235,96.17,96.455,86.8,100,100,65.35,80.705,100,99.14,59.16,89.35,37.3,86.29,96.225,82.315,87.97,92.435,99.71,98.925,98.14,99.225,96.225,97.935,72.085,94.21,100,52.485,74.505,100,100,100,49.605,96.83,86.515,90.585,91.3,100,37.65,57.26,94.4,98.63,100,95.68,100,95.54,99.54,88.69,92.755,77.385,28.565,95.31,100,20.84,97.065,19.865,66.86,98.12,94.09,99.79,100,95.455,97.24,91.235,93.405,91.21,100,90.02,69.01,85.93,93.695,90.64,85.57,100,95.625,76.445,31.265,45.685,97.685,100,92.3,100,100,98.08,100,88.145,99.585,91,94.72,99.885,88.62,91.53,95.21,89.235,100,100,87.315,84.705,97.65,52.455,95.29,98.55,100,97.055,100,97.64,91.855,95.515,94.415,99.84,100,96.125,93.425,96.465,100,98.765,67.465,96.235,88.005,100,80.8,100,93.045,88.955,90.045,94.575,89.76,100,100,97.665,99.955,79.165,81.635,99.115,100,88.455,86.725,98.775,91.005,100,96.66,97.27,99.62,100,95.175,98.92,94.405,70.395,42.515,98.115,97.01,94.75,100,86.315,95.685,96.32,83.145,81.52,95.845,90.36,97.78,38.605,57.5,92.65,95.23,93.375,97.41,99.63,84.555,100,78.865,97.76,86.395,97.155,94.605,100,96.83,97.1,94.4,93.875,100,97.48,97.65,100,99.845,100,100,57.16,91.745,97.96,97.73,92.465,96.02,90.885,93.6,88.905,91.62,100,76.49,98.91,97.6,96.5,91.78,93.615,79.88,89.225,,,74.72,100,87.665,100,100,,94.295,,,71.845,98.41,100,96.55,,11.66,96.83,87.255,81.315,96.585,100,97.61,91.88,100,93.87,100,84.235,96.885,86.705,98.86,96.405,100,87.68,96.98,99.54,93.865,100,96.355,,99.99,100,51.48,97.005,92.21,100,100,95.635,100,97.66,90.55,100,95.94,86.85,91.51,87.685,76.67,96.555,95.565,55.98,95.115,69.005,100,87.26,90.42,28.63,100,100,42.335,73.65,100,100,92.67,,95.955,100,,96.275,89.575,95.835,98.22,76.27,95.38,95.18,97.9,,88.39,86.855,100,90.2,93.37,89.085,92.03,85.035,82.46,75.8,89.295,86.815,94.24,91.44,78.285,73.55,93.865,100,100,91.595,100
Gilteritinib,29.041,32.452,12.223,100,99.338,100,0.511,22.156,13.829,100,100,93.698,8.367,99.843,12.037,71.36,71.246,1.29,7.703,30.954,91.135,3.432,87.552,99.007,12.446,27.424,1.634,25.602,6.516,68.486,100,57.746,96.907,18.145,54.047,8.494,100,92.437,48.053,23.135,77.708,73.169,82.672,86.655,88.838,74.915,63.385,75.45,76.601,58.876,75.183,95.025,86.07,74.443,69.838,17.542,100,88.65,93.795,100,71.58,81.347,100,52.841,10.267,48.137,100,10.76,96.403,62.989,97.044,51.348,57.045,87.348,3.347,100,96.323,90.039,58.877,72.537,59.129,100,8.977,25.78,29.615,79.722,69.243,68.916,17.165,27.828,79.017,17.285,54.138,86.72,32.92,66.505,23.855,91.921,100,18.271,8.976,22.657,54.717,41.118,63.977,93.951,4.195,18.172,0.789,1.499,9.25,33.563,14.078,8.378,86.785,81.065,95.567,100,91.08,97.145,90.585,85.994,68.587,6.887,8.003,94.701,63.501,91.589,18.211,6.609,89.004,100,100,4.924,29.765,13.651,4.472,79.794,79.35,10.016,20.338,26.109,65.605,23.228,23.63,14.14,5.353,27.459,90.876,1.699,2.772,6.311,33.794,100,89.464,95.937,97.76,93.867,85.485,88.128,41.448,8.295,85.267,74.387,55.37,4.307,99.68,29.881,81.871,5.57,58.133,2.581,51.686,26.319,82.043,72.768,76.882,100,74.617,38.365,86.299,76.879,100,11.233,16.033,84.898,100,52.619,77.023,46.032,100,98.41,89.968,100,21.439,91.938,100,100,100,33.883,69.073,97.103,93.242,92.174,14.567,29.542,84.557,98.539,94.777,21.909,55.704,96.643,11.33,76.904,92.302,100,54.613,82.99,92.4,47.474,85.782,56.828,90.273,72.268,99.027,58.991,93.268,41.169,40.146,94.241,98.695,63.306,66.651,71.499,68.427,54.831,89.061,92.859,98.864,100,92.401,18.197,98.152,0,28.943,79.88,57.698,75.645,21.984,0.389,50.937,61.198,55.862,49.707,98.229,80.129,100,29.773,11.813,55.354,100,77.142,93.964,9.799,3.164,100,33.62,19.545,41.647,27.251,23.193,65.224,80.554,86.818,85.87,68.32,82.899,85.12,100,7.364,5.757,1.016,60.282,13.154,0.347,14.355,22.373,100,93.809,6.151,84.898,80.869,93.769,93.129,4.721,98.283,100,61.986,65.765,54.643,58.997,100,,,34.295,81.378,82.882,83.266,81.608,,93.932,,,33.781,52.304,95.848,84.605,,4.281,36.668,12.299,90.535,100,100,22.542,100,67.759,100,78.548,13.118,82.827,5.226,100,3.435,100,91.55,73.131,34.166,60.301,88.312,89.74,,82.181,46.153,84.028,95.531,92.055,63.512,96.263,100,100,100,95.653,18.666,90.123,98.162,53.885,88.572,100,100,100,6.004,83.998,38.861,90.945,64.707,14.577,60.593,80.014,98.748,55.26,82.799,95.995,95.32,58.193,,78.862,79.81,,40.096,75.98,96.246,80.378,1.168,14.473,89.148,85.784,,98.738,90.917,96.635,100,14.05,89.76,83.562,77.177,79.929,82.75,87.801,80.16,77.504,77.53,88.008,78.241,78.725,100,80.812,100,94.499
Ibrutinib,68.73,59.28,21.545,98.715,92.46,100,99.67,86.545,92.295,100,97.93,15.23,93.795,91.62,65.375,79.94,69.65,98.625,0.255,1.1,75.995,3.54,94.615,93.435,1.25,63.155,78.14,100,12.155,100,100,100,94.615,98.39,99.49,96.11,84.675,100,93.515,62.67,98.885,90.635,100,99.485,94.66,100,87.545,94.43,98.475,100,84.65,100,98.035,82.14,89.84,87.3,99.15,82.605,60.11,98.97,81.905,100,90.575,5.32,100,98.77,81.865,100,99.17,0.72,100,93.245,100,96.775,91.11,99.72,98.26,100,93.785,91.095,95.53,99.7,0.66,82.715,94.15,95.855,85.195,91.075,37.98,94.49,95.845,89.465,81.06,98.78,84.585,1.205,0,92.725,100,99.375,100,100,35.04,35.595,40.35,83.35,0.915,49.295,11.925,25.885,77.82,24.935,7.86,89.67,99.11,100,99.27,97.26,100,100,80.32,100,86.095,4.865,93.895,100,100,83.98,94.175,97.465,98.795,100,89.71,99.965,96.715,86.77,90.6,5.45,100,100,1.37,93.43,96.15,100,79.965,99.205,1.97,77.7,100,88.13,89.615,4.305,13.755,100,99.515,100,97.615,97.025,98.055,98.48,61.24,50.81,95.165,86.435,100,88.895,81.3,92.73,94.155,100,90.8,81.195,98.4,96.55,100,100,100,100,96.025,80.01,85.53,100,100,82.42,96.09,90.43,94.745,89.68,90.48,96.74,90.235,98.125,95.875,97.11,100,82.36,100,97.46,100,96.4,95.765,85.215,87.21,90.975,97.605,91.855,99.435,100,88.245,54.375,82.515,86.055,89.96,82.765,100,100,99.61,100,100,98.32,91.375,98.7,100,98.045,100,100,100,88.255,84.635,92.445,95.89,95.275,89.075,92.02,69.145,100,91.415,100,100,81.535,100,88.16,62.485,15.23,53.025,87.62,96.43,98.31,100,90.4,93.865,100,97.03,95.71,95.485,92.5,100,99.085,58.875,95.235,10.33,97.63,100,100,96.45,100,82.06,97.325,82.975,100,94.28,100,96.455,90.695,94.225,1.255,100,77.885,100,94.315,80.64,90.74,95.065,0.065,94.09,95.505,93.04,100,100,99.51,83.21,90,95.215,96.65,3.47,53.565,97.915,97.495,95.575,100,94.315,100,,,97.635,87.615,81.695,91.09,98.28,,93.925,,,100,100,100,99.795,,80.045,97.675,100,93.76,100,99.915,100,100,98.5,93.085,81.335,90.155,93.545,90.345,89.215,100,100,99.33,93.66,83.54,89.06,89.895,91.14,,94.63,89.11,81.325,82.69,92.19,94.295,5.185,100,87.335,100,97.21,93.82,93.545,98.62,96.965,100,57.2,100,97.515,37.4,96.305,86.76,94.515,93.53,86.18,7.08,93.05,100,90.85,96.515,100,100,91.39,,91.94,88.635,,91.27,97.635,100,100,94.2,96.535,100,96.45,,82.625,98.37,100,87.53,92.64,99.715,100,100,100,82.615,99.74,100,100,100,96.735,95.24,99.16,100,100,95.605,100
Idelalisib,100,93.995,96.34,92.82,97.53,97.3,100,97.775,98.015,97.95,98.585,97.295,100,100,95.315,100,96.02,99.615,97.08,97.015,91.81,90.07,99.215,96.55,98.77,100,97.2,100,93.535,94.645,85.045,97.99,96.015,99.795,100,98.15,100,93.335,96.325,100,99.76,100,94.51,95.58,100,100,98.215,97.435,100,100,95.605,99.265,96.94,100,99.4,98.74,93.255,100,100,100,99.845,98.73,99.835,100,98.91,100,99.805,93.935,91.25,96.21,97.07,100,90.06,91.745,100,100,83.435,94.875,97.87,92.61,100,100,93.28,94.02,96.605,99.28,100,99.605,99.43,100,100,89.965,100,93.31,92.435,100,96.155,100,84.58,89.435,97.335,96,93.185,98.83,99.785,96.12,100,100,100,100,97.775,100,91.64,98.78,96.745,98.095,98.175,100,100,99.8,100,100,100,100,98.68,99.665,100,96.745,97.37,100,100,98.065,100,96.495,92.775,100,100,98.185,100,100,100,91.715,98.105,99.045,100,100,95.945,96.51,98.475,98.2,99.405,98.91,100,91.34,100,97.2,100,100,100,100,100,100,98.545,94.555,100,98.285,98.655,100,100,100,89.975,88.985,100,100,100,99.09,100,97.945,99.75,99.945,100,91.29,100,100,99.02,93.225,94.985,99.305,97.035,93.3,100,100,93.21,97.215,89.375,100,97.235,97.825,100,95.27,100,95.005,100,98.38,95.395,96.495,100,97.985,99.15,100,89.44,98.77,100,100,100,100,100,99.08,100,96.03,94.755,100,100,91.345,99.375,100,100,98.905,100,100,100,92.29,97.8,97.555,72.575,100,100,100,96.59,91.455,100,98.69,93.125,100,91.035,97.455,99.86,100,100,100,100,92.785,100,100,98.835,100,99.16,100,92.17,100,99.495,100,96.57,100,100,90.14,98.335,100,100,100,97.575,100,100,100,98.83,96.355,100,98.005,100,100,100,100,98.725,97.575,100,100,99.21,100,100,93.87,100,,98.15,100,96.92,100,99.995,100,100,100,84.405,96.27,99.9,100,,98.815,97.565,98.705,95.08,100,94.64,99.715,97.295,,100,97.54,98.435,,100,,100,90.45,100,97.18,94.88,98.91,100,95.47,100,98.355,100,100,100,100,,100,95.595,100,96.295,100,100,100,97.945,97.355,100,100,98.645,95.695,100,100,94.705,100,98.385,89.15,97.82,,92.735,95.06,89.965,91.975,98.745,,100,,100,81.4,99.235,,87.895,91.595,95.275,95.255,97.8,96.82,100,,100,100,,97.98,100,96.015,94.555,100,100,100,100,,97.87,100,98.335,97.245,100,98.57,100,100,100,100,100,100,95.51,100,100,100,98.305,100,92.23,92.79,100
Imatinib,13.835,36.925,89.145,100,100,98.425,96.74,95.582,100,100,91.261,57.211,86.736,100,92.722,83.69,100,100,69.569,97.375,60.173,98.99,96.115,91.615,100,37.865,95.255,92.098,100,100,98.788,100,90.455,100,100,100,98.122,97.065,93.435,61.37,100,98.09,100,97.42,100,100,89.525,96.615,96.724,100,87.56,97.81,100,91.005,100,100,94.879,99.177,83.754,100,87.815,100,93.099,91.557,89.03,100,83.975,79.985,94.11,100,93.17,90.59,92.734,100,12.315,89.985,100,98.185,94.295,90.145,96.285,97.309,87.99,100,93.245,89.635,79.135,88.325,80.169,91.02,97.34,89.115,96.61,99.735,100,100,85.56,89.478,89.813,92.66,100,100,92.09,100,91.48,92.305,61.125,95.22,98.325,89.13,7.76,95.015,85.905,89.715,100,100,100,100,100,100,74.955,100,82.95,74.115,93.755,100,100,89.7,78.32,92.8,89.09,100,82.6,98.114,98.37,95.545,100,80.15,91.491,88.614,88.56,83.705,98.39,92.913,93.516,100,9.758,92.667,100,95.888,86.225,19.405,73.74,100,95.6,94.664,100,95.97,100,99.135,99.515,98.08,100,92.75,94.24,87.06,100,100,89.43,100,99.64,96.498,100,99.49,100,100,100,100,93.795,99.155,99.415,100,99.575,82.665,95.795,93.505,100,94.492,86.491,100,100,98.692,100,100,94.38,82.773,87.987,97.035,100,97.275,100,98.935,97.005,98.325,99.74,94.435,100,98.74,91.77,1.075,29.265,89.175,100,83.16,100,100,96.48,100,98.838,97.565,93.515,100,91.554,92.135,94.632,100,98.825,91.01,87.505,98.415,100,100,100,86.795,68.965,100,99.745,94.56,100,93.741,89.615,88.69,25.976,94.09,100,86.791,95.145,95.17,100,60.25,98.504,92.129,96.08,100,96.864,98.355,100,93.306,86.305,93.07,96.158,100,100,100,99.015,92.928,90.895,90.063,100,99.925,91.975,100,94.27,100,88.855,95.953,95.937,93.15,98.235,98.835,99.875,100,95.194,100,96.74,99.055,100,100,98.81,97.915,100,96.245,100,93.98,100,93.713,100,76.547,100,100,100,99.11,,,92.093,87.65,83.36,94.475,100,,94.45,,,100,89.072,91.23,100,,5.49,94.015,100,85.635,100,100,100,81.98,97.41,97.34,93.048,70.196,97.535,95.348,96.65,100,89.268,100,100,95.28,96.225,100,89,,100,100,100,95.225,93.94,97.77,100,89.458,100,89.213,100,100,100,100,91.042,100,56.835,100,100,83.405,95.743,82.155,96.91,94.575,94.53,100,99.196,100,91.34,96.491,100,100,100,,100,94.34,,95.9,98.835,89.169,100,80.835,85.92,100,83.76,,90.498,90.37,100,100,92.535,100,95.915,85.47,100,94.105,100,94.63,100,100,100,100,99.975,96.522,95.355,96.71,100
Inavolisib,94.775,100,100,95.395,99.22,96.135,95.52,92.745,88.935,100,100,95.835,100,94.81,100,97.355,97.85,100,97.74,90.325,100,100,93.565,93.345,100,99.485,96.935,99.055,100,89.335,98.47,99.065,99.785,100,99.1,99.955,100,98.21,89.595,100,99.01,100,100,96.82,100,98.355,89.605,94.68,100,97.785,94.93,98.305,87.955,90.75,100,100,100,100,90.085,99.41,97.37,100,100,92.11,100,98.205,95.365,96.09,100,99.19,99.09,100,100,100,98.61,100,97.595,96.395,100,100,99.55,97.45,100,100,98.58,95.39,100,94.325,98.555,100,99,91.505,96.725,100,97.87,97.455,98.59,85.7,100,96.65,97.045,99.41,98.495,98.5,100,91.245,100,99.04,100,100,95.52,100,94.45,93.83,97.465,100,94.375,100,100,97.865,100,100,93.245,89.77,94.225,100,100,90.915,100,91.425,97.85,99.32,82.1,98.035,100,96.785,97.63,97.07,100,100,100,94.945,100,92.955,100,97.075,100,90.585,100,96.12,78.425,100,98.915,96.455,100,91.975,96.29,100,100,100,94.815,94.31,100,100,96.79,100,98.605,96.585,100,100,94.12,87.875,100,100,100,100,100,97.87,98.79,100,99.27,95.295,88.43,94.29,100,90.51,95.99,100,93.505,91.79,93.185,100,100,96.055,100,96.19,100,88.43,88.265,100,100,99.7,99.4,100,100,87.82,91.945,100,92.43,94.06,100,97.83,98.785,94.065,100,95.68,100,97.59,100,100,100,98.44,100,98.5,100,95.62,99.85,99.835,90.915,97.995,99.96,100,98.91,100,100,100,96,100,95.715,86.765,100,100,98.16,98.345,89.825,98.955,96.16,100,92.77,91.83,100,97.995,100,95.205,100,83.77,97.025,99.935,97.965,100,100,100,90.69,100,91.11,100,100,100,100,100,92.39,96.375,96.18,93.55,98.875,93.6,99.37,100,97.355,92.88,100,93.885,100,99.385,100,100,95.185,96.72,100,93.625,100,,99.475,79.095,95.605,99.86,100,100,98.965,100,90.475,100,100,100,,100,100,97.185,93.235,99.9,100,100,96.83,,97.925,100,100,98.52,92.545,,97.955,75.805,100,99.725,95.99,96.14,100,89.255,97.285,93.31,95.02,98.825,100,100,,,100,100,100,99.125,97.66,100,100,97.18,94.095,98.14,100,98.34,96.66,94.925,91.74,95.775,99.59,94.89,94.225,,100,98,88.47,100,97.895,,100,,98.435,100,100,,88.02,94.99,100,96.31,100,100,100,100,95.89,100,100,94.44,94.42,99.945,100,97.78,100,91.89,100,100,100,96.24,99.995,100,100,95.29,98.855,100,98.32,100,98.96,95.705,100,100,93.475,96.42,100,98.575,100,89.995,89.845
Infigratinib,75.225,49.165,79.07,93.13,100,86.49,100,100,100,91.65,99.345,91.145,100,100,84.53,96.36,100,98.325,93.235,100,92.75,90.885,94.76,92.16,99.43,28.24,100,100,80.175,97.565,98.335,77.855,79.6,98.37,99.9,93.2,87.2,91.52,98.575,95.75,83.47,86.87,90.66,90.84,99.145,83.075,40.585,94.075,100,76.305,83.275,97.455,100,88.76,98.36,100,89,100,100,100,99.51,100,89.49,100,100,99.325,100,100,83.615,84.395,85.17,99.55,74.34,100,87.3,100,94.585,95.335,100,92.37,100,92.37,96.095,97.675,92.285,99.3,92.445,99.515,73.665,97.46,98.065,98.265,89.315,100,97.225,90.4,100,94.755,97.785,100,100,91.47,0.805,1.195,1.36,5.275,62.975,32.53,85.49,30.62,1.345,99.415,68.3,89.305,99.98,100,100,100,97.415,94.255,100,96.895,87.535,68.04,100,100,100,100,98.415,93.23,100,100,100,86.625,95.645,100,95.12,88.275,94.03,96.335,100,88.425,98.57,95.48,53.44,81.535,11.97,88.215,98.775,86.39,100,20.43,64.95,97.745,96.535,93.23,100,95.07,89.14,90.34,95.875,95.5,51.06,37.515,91.275,100,98.915,97.05,94.385,100,87.125,81.805,88.2,100,97.785,98.07,100,100,92.19,97.885,100,94.615,100,85.77,100,89.145,100,48.975,93.955,93.09,100,100,79.99,100,98.175,100,97.195,99.385,86.565,96.67,100,100,99.795,95.61,87.275,96.685,100,95.205,100,88.12,79.77,96.83,87.475,87.68,99.465,96.16,99.055,100,100,92.83,96.685,98.09,90.605,99.77,97.145,100,100,100,95.34,100,100,92.5,78.755,84.89,100,100,100,100,93.675,89.535,89.9,87.74,89,73.145,100,88.9,95.705,95.57,92.47,84.795,100,100,100,97.54,100,95.25,100,74.505,92.94,99.725,91.47,93.52,100,100,100,100,74.75,93.41,100,94.185,98.16,45.34,6.7,83.595,92.995,100,91.38,31.055,97.675,91.48,100,99.56,89.525,89.18,92.17,97.16,84.515,100,100,97.5,100,,94.215,89.785,43.255,93.555,100,100,95.915,100,97.61,84.8,97.335,95.745,,98.105,95.31,96.39,94.4,98.115,98.58,69.645,74.675,,100,94.07,91.475,,8.275,,100,95.865,87.245,64.315,38.32,65.53,47.395,90.42,100,100,97.855,69.085,92.225,96.455,100,87.76,93.005,100,95.51,95.59,93.805,89.035,100,99.89,93.73,95.755,95.44,92.365,98.65,94.08,98.22,97.345,99.075,85.43,100,,100,99.38,87.88,79.595,95.715,,98.735,,96.675,90.285,91.375,,79.975,91.66,86.08,91.455,96.015,100,96.755,,100,100,,100,97.335,100,96.33,93.215,89.355,100,97.475,,86.345,98.42,98.615,93.185,100,99.095,98.86,100,100,97.05,99.46,94.43,94.725,96.705,92.475,97.64,94.44,95.055,54.285,50.005,91.45
Lapatinib,94.88,100,88.855,92.765,100,97.54,100,91.605,83.61,100,100,52.72,99.025,100,94.755,94.05,88.865,100,88.57,100,93.56,69.655,91.98,98.71,95.83,91.115,81.44,86.22,100,99.095,91.615,96.54,95.545,92.93,98.445,100,100,95.075,100,63.03,100,94.515,91.935,92.33,98.425,98.96,93.125,96.435,92.775,97.53,95.655,92.42,92.045,93.91,97.66,96.39,100,89.325,90.12,88.655,97.85,96.28,92.82,90.485,100,100,97.235,92.645,94.195,100,90.335,91.915,99.56,100,90.19,95.99,100,90.055,90.92,92,98.655,93.135,0.845,93.85,97.46,82.985,92.14,100,94.04,92.07,96.53,96.355,97.805,98.735,93.665,4.155,2.22,91.825,86.24,92.485,89.23,98.7,100,100,96.775,90.245,94.155,93.535,97.175,100,100,99.925,100,96.54,100,99.105,93.69,100,100,97.695,90.15,100,79.2,100,88.59,100,100,97.06,100,97.48,80.04,89.25,96.075,97.505,99.075,98.225,98.165,92.755,99.605,96.06,97.87,88.395,97.095,100,93.14,91.415,87.94,100,100,92.02,91.865,94.525,96.885,88.495,89.965,100,100,92.54,92.08,92.92,93.885,91.575,100,100,88.145,89.465,85.76,84.14,96.33,100,100,84.91,94.11,88.17,95.29,100,92.24,99.115,100,91.965,96.485,87.045,100,83.075,100,89.935,88.125,100,95.22,92.505,94.95,100,87.725,100,100,100,100,100,100,96.4,100,94.035,91.445,89.115,97.545,96.905,100,100,96.56,100,99.82,98.765,83.59,91.53,99.85,84.07,100,100,95.885,90.24,90.225,100,94.51,100,100,94.26,95.875,95.11,78.095,91.255,98.245,100,100,95.65,98.475,100,90.08,100,88.91,100,93.435,98.37,70.405,90.41,100,96.735,99.705,100,99.385,90.295,100,98.775,100,94.535,97.025,93.875,96.305,100,48.53,89.395,100,86.755,94.42,100,94.145,100,86.08,100,82.95,92.54,94.44,100,100,96.06,97.715,95.325,93.57,94.45,100,100,94.675,95.435,100,87.375,100,95.1,99.845,88.115,100,90.585,97.785,83.8,100,98.87,92.785,96.3,100,100,99.815,92.705,91.525,96.685,,,100,100,89.57,97.135,100,,83.69,,,100,98.415,93.565,100,,96.935,100,98.415,100,90.73,98.32,99.92,80.53,93.74,84.33,94.475,71.545,89.795,82.49,93.075,100,94.875,85.595,98.155,96.795,100,100,91.075,,100,97.965,93.975,91.83,94.645,89.24,97.08,91.55,96.415,99.495,96.845,96.065,94.555,79.995,92.1,97.425,78.63,85.91,83.865,88.175,90.925,68.925,94.39,87.385,92.485,47.45,71.075,100,96.925,96.82,100,98.73,83.785,,92.515,97.325,,90.685,86.885,99.79,75.02,92.67,97.135,74.26,100,,84.47,80.11,100,84.565,94.6,93.86,96.01,90.68,96.835,96.085,91.595,94.885,93.315,96.98,93.48,90.18,100,99.41,98.76,93.575,99.815
Larotrectinib,97.505,93.688,42.174,97.447,93.961,100,89.469,96.672,84.6,99.608,100,97.45,74.348,96.046,95.538,96.369,100,100,98.648,74.681,100,99.622,89.682,100,97.481,95.259,100,82.559,89.923,97.021,100,100,100,93.715,96.676,94.578,100,100,98.079,92.461,94.378,99.216,94.814,83.849,98.479,95.2,98.619,98.22,100,100,91.227,100,100,100,100,100,100,100,96.168,100,88.231,89.748,93.513,81.399,92.82,100,93.316,100,95.714,93.091,93.566,100,99.921,93.297,56.301,98.475,88.202,96.27,100,97.765,97.185,98.493,87.518,100,95.567,99.782,98.353,95.317,90.953,99.673,96.666,95.81,100,95.868,100,91.661,92.144,93.474,98.835,96.581,97.177,91.358,98.884,98.505,95.264,99.034,94.129,100,88.126,97.614,93.104,94.281,86.03,97.852,100,100,100,100,80.819,99.236,100,94.156,100,86.382,100,100,100,99.417,96.342,95.62,94.184,100,100,100,99.699,92.831,100,100,100,79.69,100,97.31,98.805,93.617,98.878,94.371,97.94,67.207,98.6,100,100,97.438,100,93.574,94.675,97.138,100,100,100,97.669,98.148,98.38,100,100,100,94.045,99.234,100,81.319,88.173,96.139,94.921,96.361,91.186,98.922,93.647,98.434,92.43,95.577,100,92.811,81.034,98.135,47.544,100,98.374,100,100,97.184,100,100,87.785,100,100,100,99.526,100,100,100,100,100,96.792,94.471,98.209,100,85.962,92.393,100,90.325,96.228,86.865,94.55,93.64,100,97.793,100,100,100,99.531,94.472,100,97.908,98.94,92.932,98.063,98.859,93.062,100,93.39,93.839,100,99.047,91.764,100,100,100,91.568,97.264,99.281,100,97.78,100,97.874,100,99.777,95.881,100,96.947,98.174,10.537,97.223,92.793,99.126,97.702,100,100,94.86,100,100,90.974,97.422,90.346,100,100,92.872,97.077,88.952,97.157,100,94.521,100,100,96.291,91.056,100,99.207,100,97.103,100,1.473,2.061,1.89,98.57,70.438,79.475,100,100,98.224,100,94.68,92.536,90.163,95.834,97.828,89.906,91.645,98.908,92.973,99.243,89.657,95.342,100,,,89.857,95.762,100,98.591,91.21,,97.611,,,89.538,100,100,97.806,,48.818,95.768,90.463,97.975,99.951,100,97.832,97.847,100,100,96.955,89.178,85.494,98.788,100,100,100,95.091,91.42,100,97.651,94.46,100,,100,95.137,98.605,90.388,99.573,100,96.775,93.833,100,97.609,92.648,87.623,92.869,100,91.735,85.986,83.29,100,100,88.813,95.075,99.784,,100,100,99.206,100,98.242,100,97.263,100,100,90.365,,100,100,,100,91.821,94.843,91.316,97.647,97.145,100,92.62,,91.277,95.767,98.381,100,99.146,98.723,90.222,97.264,95.778,95.02,100,93.633,93.301,97.971,95.765,92.406,85.987,100,95.121,100,94.407
Lazertinib,95.525,94.97,95.225,98.2,94.625,93.765,53.725,91.725,100,92.96,93.8,90.97,100,86.38,98.52,100,95.465,18.935,0.96,41.145,90.405,100,100,98.3,22.935,84.925,79.78,89.175,97.28,96.305,100,84.01,100,89.37,98.66,92.255,91.28,100,100,85.27,95.525,91.355,90.755,100,96.51,90.795,97.95,93.825,96.075,88.805,85.345,100,93.115,98.59,100,64.745,100,95.595,99.46,100,88.335,97.645,95.96,96.19,100,98.735,97.175,98.765,98.68,96.555,99.275,78.97,93.13,95.535,95.39,97.61,90.555,96.52,100,93.655,90.485,95.255,0,100,95.365,91.27,82.935,82.51,36.745,91.875,92.795,75.61,76.815,100,74.315,0.28,1.025,88.875,100,100,2.28,79.125,93.02,97.955,100,97.45,93.54,95.235,54.4,74.345,98.01,93.575,100,99.265,100,100,96.695,100,91.83,100,92.985,91.75,97.8,87.62,81.305,96.225,89.39,95.525,98.565,100,100,93.005,91.13,84.28,100,95.605,100,16,100,91.92,2.255,89.845,94.39,97.16,95.5,92.38,88.51,94.92,100,78.705,69.505,83.63,100,94.005,91.09,97.19,91.99,95.755,100,94.44,94.465,91.595,83.32,94.965,99.76,80.29,96.585,66.95,96.465,5.735,84.035,20.455,83.695,91.915,94.105,94.07,94.21,100,100,97.405,90.54,83.885,100,99.4,63.21,94.595,96.905,94.94,100,99.14,96.205,100,90.8,99.475,100,93.365,94.715,95.885,100,82.965,93.07,98.405,98.195,92.11,98.24,100,92.015,97.03,92.16,84.855,85.5,88.995,85.335,99.355,94.905,98.195,97.2,100,100,88.305,88.585,91.645,93.69,100,100,89.16,87.36,91.82,90.3,87.58,98.33,91.82,99.86,100,100,97.96,98.97,97.42,91.755,91.62,94.685,85.305,92.77,43.045,29.58,100,94.765,91.135,95.23,2.995,68.86,86.79,49.72,76.485,97.315,95.315,96.585,100,92.375,94.53,100,100,93.53,100,88.815,90.855,72.325,68.04,86.655,33.575,100,91.66,94.335,98.065,99.75,88.05,100,100,94.82,96.725,97.42,89.925,84.165,3.015,56.59,92.055,94.94,100,100,100,95.02,,93.35,93.2,96.065,100,96.225,100,100,100,94.195,97.915,98.625,93.305,,93.215,86.82,93.265,100,93.04,98.545,97.8,92.985,,95.3,100,91.17,,47.735,,91.555,100,91.27,87.075,80.28,87.175,94.94,95.28,100,93.565,87.605,88.955,94.615,59.105,,94.1,98.99,97.625,98.66,100,100,88.055,45.95,100,84.895,98.635,93.915,83.175,6.155,54.355,99.57,97.535,93.405,80.01,95.155,,99.025,90.17,89.435,91.735,99.19,,98.59,,93.775,89.175,77.65,,85.865,92.455,84.495,99.74,83.98,91.04,100,,97.735,86.925,,69.605,99.135,98.015,85.09,54.955,31.775,96.215,83.72,,100,100,97.83,90.695,49.21,91.14,99.775,95.17,96.38,98.225,100,92.06,95.19,92.25,100,98.89,100,100,98.87,94.87,99.19
Leniolisib,100,100,96.97,86.965,100,72.635,94.465,98.365,98.89,81.385,99.445,88.785,100,100,92.31,92.87,99.08,99.555,100,100,95.15,94.26,98.83,88.775,97.19,100,98.64,95.34,100,99.555,94.94,90.175,88.775,96.745,95.04,100,88.575,89.88,100,93.605,84.3,92.44,87.68,100,100,99.26,93.345,92.175,100,100,85.69,94.33,100,87.705,100,98.745,89.905,92.61,100,100,97.525,100,94.975,99.585,100,98.84,100,100,94.95,98.66,90.79,98.46,79.905,100,99.49,100,100,96.09,98.715,92.26,95.945,94.21,97.785,94.035,91.205,100,95.195,99.525,84.675,100,95.91,96.475,91.02,95.95,100,92.55,100,84.225,99.53,99.165,100,96.985,94.38,95.54,100,90.89,99.105,93.38,95.975,88.115,100,99.895,100,94.92,100,100,98.875,100,100,92.67,88.58,100,87.595,99.735,92.9,100,100,100,95.82,88.365,100,100,100,96.985,94.9,100,92.4,97.825,96.04,94.51,100,93.765,86.495,91.895,100,99.61,97.165,97.62,99.945,94.29,98.81,95.405,100,93.775,91.435,94.895,100,92.735,98.99,92.77,92.395,91.595,96.235,82.83,91.365,100,100,94.22,97.245,100,94.82,96.85,95.85,100,100,96.905,96.925,97.395,93.675,97.66,94.74,97.06,95.23,100,100,95.305,100,93.12,94.105,95.415,100,99.705,93.665,100,100,97.985,99.835,96.785,87.81,100,100,93.24,97.98,90.73,92.375,97.995,98.095,95.85,100,94,99.67,90.82,88.025,93.34,92.835,98.99,97.395,100,98.88,92.73,98.27,100,91.06,92.915,92.78,100,99.555,100,98.79,100,100,100,95.7,86.64,100,100,100,94.61,94.95,86.86,89.19,92.695,84.805,90.67,100,91.15,93.055,96.635,90.05,96.915,97.495,100,100,100,100,100,100,100,98.69,100,87.05,97.49,100,100,100,100,80.815,94.89,100,80.47,100,95.245,92.335,96.525,89.03,100,97.975,95.875,100,100,97.32,100,92.07,95.445,92.92,99.72,84.78,100,100,95.405,98.7,,89.905,83.03,96.17,93.505,100,100,100,100,96.68,84.19,100,91.045,,98.635,99.42,100,100,91.64,100,100,96.145,,100,99.15,97.7,,100,,97.73,84.405,91.7,100,98.285,96.525,89.495,97.08,100,86.565,96.12,87.03,99.16,100,100,94.27,94.99,97.435,94.205,100,97.375,82.04,100,100,92.095,93.245,93.21,94.835,100,89.695,96.565,99.48,99.035,93.185,100,,100,96.95,88.71,84.32,94.63,,95.705,,98.1,91.24,91.205,,89.305,97.81,93.8,96.13,96.48,100,92.47,,100,95.24,,100,93.24,100,87.385,95.63,100,100,98.995,,91.715,95.26,94.105,93.055,100,97.93,100,100,100,91.955,100,100,100,100,99.05,99.475,95.175,100,89.13,88.7,100
Lenvatinib,23.655,61.425,77.595,95.305,100,100,94.485,100,100,100,100,92.855,90.505,100,94.425,61.635,66.48,100,28.9,92.685,93.19,33.935,95.485,93.025,98.445,13.69,65.865,28.795,93.825,96.42,90.405,97.57,99.96,100,98.805,100,99.865,100,100,69.38,98.055,93.67,92.475,93.11,100,100,91.835,99.33,100,94.33,100,96.65,90.455,95.26,97.12,71.84,100,84.775,81.45,92.61,100,97.41,98.31,100,95.155,99.205,100,92.03,94.94,82.97,93.24,100,100,96.04,5.71,96.68,100,94.57,95.635,94.555,100,100,78.955,78.39,83.955,86.665,87.245,100,58.385,88.58,100,90.64,74.735,100,87.275,100,67.435,99.7,95.185,91.195,100,87.22,14.515,14.64,20.11,20.73,34.405,5.195,61.795,2.605,15.07,56.665,100,55.33,96.875,96.265,100,100,100,100,88.105,100,99.645,51.455,33.86,100,100,100,85.215,100,81.2,97.01,100,100,94.7,80.32,100,98.6,100,99.43,93.79,97.715,100,100,1.92,61.96,6.555,100,100,34.505,51.07,23.375,48.54,100,94.755,95.71,100,100,100,92.45,90.87,86.135,95.865,90.385,90.875,20.805,63.65,95.315,83.86,100,97.465,79.935,100,86.79,95.415,95.24,99.395,97.555,100,90.15,100,82.885,100,84.02,53.79,89.08,100,100,100,100,100,100,96.77,89.275,99.115,12.925,76.585,78.28,94.91,99.83,93.74,98.255,89.69,92.31,91.33,96.28,100,100,100,11.96,44.555,93.965,80.875,94.355,100,86.195,100,91.96,100,89.45,95.39,95.865,94.25,100,98.07,98.495,99.83,100,94.09,96.815,98.095,100,100,100,90.35,100,87.18,100,93.91,100,100,91.115,75.355,1.16,49.625,100,100,97.09,66.45,77.6,99.87,100,96.455,100,98.685,87.775,96.14,97,22.875,89.1,100,100,95.495,100,100,100,76.935,100,97.115,100,95.69,100,98.905,97.065,93.81,100,64.46,71.3,100,92.535,100,82.255,100,90.975,100,88.115,100,94.325,100,100,94.2,93.13,100,91.21,76.425,91.85,93.775,100,100,100,91.55,100,,,92.62,100,89.7,96.78,100,,92.25,,,100,96.03,94.46,96.11,,7.69,68.695,99.005,98.915,94.82,82.705,100,93.485,93.89,100,98.535,78.2,98.8,83.255,100,67.395,95.615,88.175,99.585,98.785,100,95.83,95.725,,100,88.335,97.045,100,97.02,92.59,100,84.315,91.85,99.905,84.315,98.48,97.18,82.28,96.545,96.055,77.15,90.265,92.885,79.1,97.895,74.35,89.765,76.135,78.56,9.42,78.655,100,81.815,100,95.085,97.77,78.21,,91.84,95.985,,83.56,86.6,97.045,96.71,2.795,95.475,80.04,100,,97.19,89.94,99.435,100,96.63,88.73,100,96.82,93.3,91.91,95.49,100,93.25,90.66,95.815,94.655,100,100,94.25,97.265,100
Lorlatinib,90.665,96.925,0.745,94.2,100,98.905,2.755,100,76.465,98.685,85.085,82.11,70.49,89.185,61.135,85.33,75.39,100,89.48,98.83,84.6,46.775,78.985,79.875,93.735,100,87.935,100,72.775,96.505,100,93.93,89.545,100,79.72,52.725,100,95.955,61.525,20.79,91.655,88.89,98.97,97.45,94.23,97.575,88.835,94.405,100,100,100,94.92,100,78.335,98.32,65.695,87.82,87.935,97.275,97.96,84.42,99.86,88.15,85.48,100,100,86.905,93.975,100,99.6,100,96.28,88.145,30.265,100,94.72,94.045,97.82,93.175,96.75,95.165,100,61.29,77.34,69.19,92.465,81.155,88.115,67.125,62.325,100,60.455,95.41,88.2,72.565,94.395,93.58,92.895,89.005,2.27,1.87,6.275,93.115,96.665,97.79,97.025,81.825,89.905,100,99.93,99.145,19.995,91.115,85.12,97.455,99.52,82,79.92,57.96,8.015,80.905,100,76.44,67.49,95.79,100,94.31,95.905,88.945,32.445,92.205,92.16,92.305,60.99,88.91,88.25,36.165,93.62,97.62,73.135,94.71,94.09,94.805,100,100,95.975,88.325,62.78,100,28.69,39.525,66.205,100,100,100,97.715,96.865,90.35,92.235,92.52,99.935,89.395,100,73.365,90.705,87.765,91.86,94.56,98.14,100,89.32,93.275,96.47,96.55,100,96.88,100,100,57.435,86.02,95.82,100,96.565,47.125,88.325,93.095,89.435,97.535,99.58,100,98.305,93.225,91.83,98.465,100,92.195,100,100,100,94.1,100,97.835,92.79,100,94.155,96.75,93.365,98.53,89.755,89.94,100,82.975,35.26,11.475,92.315,100,100,96.855,100,100,91.1,100,94.685,98.52,94.49,100,100,80.52,87.055,79.345,100,97.055,82.935,98.28,75.46,100,96.155,100,97.85,85.61,90.145,2.38,90.45,94.12,90.64,95.285,83.245,96.185,98.41,0.525,97.325,100,100,100,100,98.6,96.965,100,27.005,88.96,86.94,80.865,100,100,13.59,100,90.19,98.55,83.865,97.22,90.465,96.975,100,96.535,94.47,93.105,79.46,93.435,88.795,36.76,9.51,8.66,37.86,91.79,6.185,94.795,97.505,100,100,100,86.29,91.045,94.93,100,91.72,100,100,96.54,98.41,98.795,92.245,100,,,66.5,98.17,78.305,88.755,97.405,,90.665,,,59.835,100,100,22.47,,81.16,100,94.4,84.18,98.515,92.575,100,94.065,97.495,80.615,96.89,94.705,97.57,65.455,37.735,62.7,99.1,98.14,100,88.555,82.65,87.94,87.92,,99.06,97.845,90.745,31.77,100,86.625,100,100,99.92,100,96.66,80.135,100,18.765,100,96.725,68.94,97.515,100,69.705,100,90.295,94.46,93.095,19.425,100,99.75,100,94.72,91.585,100,100,87.985,,100,92.015,,90.85,31.81,98.9,97.435,67.825,12.105,99.71,100,,100,100,80.24,100,98.785,96.315,96.64,97.455,100,91.99,100,92.81,82.39,100,98.21,90.62,87.96,100,100,95.745,100
Midostaurin,79.203,75.284,3.083,80.1,78.941,60.075,57.628,95.499,98.189,90.887,100,100,1.684,95.918,1.579,3.108,14.125,59.48,19.684,33.08,100,91.433,18.595,5.377,62.059,23.031,84.417,72.882,31.176,92.726,100,59.787,91.857,9.364,34.776,1.101,66.78,98.003,35.831,4.378,88.083,86.905,57.98,82.703,83.728,89.752,93.045,66.196,75.007,93.885,81.846,93.606,71.349,71.46,39.86,76.427,100,96.606,99.321,100,91.741,100,92.128,89.907,18.268,35.687,95.42,12.931,94.679,71.632,100,72.802,77.655,85.595,7.501,94.001,65.642,9.034,5.703,64.408,80.196,93.389,41.6,100,100,97.519,99.469,97.855,96.271,94.587,93.571,96.889,100,95.524,100,48.759,76.295,86.259,100,91.25,64.237,36.472,22.189,13.913,51.133,84.775,7.969,27.042,1.431,9.449,2.704,90,30.129,7.269,100,98.694,80.519,83.789,62.033,7.685,39.332,21.56,46.983,9.172,38.23,100,94.792,100,65.279,91.318,76.32,100,2.99,92.65,95.359,54.534,100,97.446,14.71,1.103,0,74.523,94.666,74.803,17.45,6.514,6.703,5.831,89.347,5.58,6.964,16.712,60.736,100,85.572,92.48,6.6,4.896,2.615,2.118,84.466,75.173,56.503,19.754,5.121,9.244,100,24.02,79.055,2.022,5.272,0.825,90.401,65.675,94.513,74.339,12.281,11.985,100,2.588,0,22.617,34.952,12.029,47.533,82.081,100,97.543,91.436,72.066,91.292,94.186,40.088,100,98.048,90.859,92.692,100,99.031,8.981,44.126,56.496,75.746,56.972,94.713,89.624,61.716,86.881,92.684,9.024,10.06,5.941,0,81.01,38.456,96.23,29.128,20.215,19.043,8.513,15.863,6.253,3.534,6.221,12.862,2.824,96.794,56.796,40.142,40.021,100,70.641,9.478,19.143,5.267,1.543,4.032,89.488,93.422,100,13.915,39.746,100,13.461,85.59,95.358,78.262,95.449,93.326,4.134,4.495,4.191,1.469,4.419,100,88.192,91.794,1.212,19.064,8.727,98.951,78.238,80.509,38.746,4.552,24.655,25.282,67.339,43.017,17.062,25.758,60.044,91.139,51.535,12.864,79.519,100,100,71.543,6.342,23.834,4.872,90.622,75.945,53.378,6.581,93.799,97.895,96.013,34.672,84.915,69.681,100,92.204,15.636,97.205,98.381,73.08,95.879,97.306,68.075,77.085,,,9.803,92.089,54.297,81.006,64.989,,84.248,,,11.012,60.859,100,90.55,,3.803,68.502,33.924,94.486,99.36,100,60.521,91.785,64.542,100,93.689,73.9,94.455,0.619,13.89,8.642,95.79,89.865,35.715,9.135,39.924,88.124,83.758,,80.034,100,92.568,86.967,91.936,71.062,100,8.133,100,91.742,58.639,41.978,87.723,25.709,79.447,93.873,84.839,100,96.432,24.652,5.03,41.356,,17.207,25.369,92.722,100,96.679,3.134,3.577,97.037,97.621,98.762,,100,79.43,,74.766,97.028,94.148,77.185,7.24,8.323,84.54,94.994,,89.09,91.537,96.654,90.815,2.063,7.645,6.159,7.327,3.617,2.655,4.131,3.759,6.01,8.389,3.506,3.544,8.3,99.833,80.665,92.807,92.377
Mitapivat,90.025,100,99.225,96.715,97.975,100,94.48,92.655,87.915,94.435,93.7,90.37,100,79.075,69.415,83.27,89.36,99.4,100,96.6,97.47,100,93.615,86.94,95.995,51.925,100,87.74,88.6,100,100,100,88.235,91.75,96.1,93.465,100,87.49,97.85,93,87.76,94.505,100,89.875,99.54,88.76,79.76,93.765,89.175,94.44,100,92.44,93.05,90.195,100,95.025,100,100,96.39,100,94.13,100,100,96.71,96.58,100,96.545,100,85.17,100,90.015,99.575,81.23,100,95.825,100,97.875,100,100,96.02,96.315,100,99.765,100,100,100,98.71,100,96.275,99.72,100,100,95.305,95.52,96.22,99.77,97.1,94.17,98.265,94.98,97.325,100,98.12,100,91.18,98.14,90.235,90.72,87.7,96.39,88.28,97.185,93.755,91.075,92.37,97.195,100,99.705,86.247,100,96.905,99.65,87.86,96.645,100,100,100,100,88.97,96.12,100,92.79,93.73,93.21,100,100,95.55,99.345,90.72,100,88.875,100,96.14,86.295,99.375,96.2,82.605,74.72,96.99,93.5,94.09,86.96,100,100,100,100,94.585,94.375,100,87.415,89.48,100,100,96.995,81.895,100,100,98.49,85.81,94.075,88.475,97.425,95.565,100,94.915,94.585,100,100,100,93.89,84.72,92.08,99.57,100,100,100,100,92.78,100,100,93.2,96.37,100,96.35,89.355,100,96.325,100,100,100,100,100,99.3,97.185,95.39,95.2,98.965,86.48,100,46.73,73.89,100,100,92.075,100,100,100,94.82,91.87,94.93,90.02,97.155,100,100,95.62,100,100,89.565,92.425,93.3,95.95,78.765,100,94.195,98.8,100,89.215,92.075,100,99.16,98.75,100,95.61,97.385,83.18,94.675,92.325,100,88.03,89.32,100,97.625,93.595,94.44,100,100,100,94.95,88.3,100,95.665,85.585,100,95.36,100,89.68,100,85.13,96.765,100,92.175,100,100,91.38,100,95.725,90.29,96.545,99.76,93.16,82.01,100,100,94.675,94.03,95.945,100,92.75,100,95.885,82.475,,100,85.105,88.22,100,100,96.355,95.185,100,100,100,99.015,94.495,,85.62,100,97.6,95.38,97.37,100,91.655,100,,82.13,100,100,,80.875,,100,90.57,96.26,93.905,100,100,95.365,96.33,92.985,99.16,100,93.81,100,100,90.805,97.745,100,94.67,91.835,92.395,100,99.815,96.415,90.7,100,92.985,83.77,97.18,92.705,88.93,100,100,93.85,90.97,96.435,,98.845,95.235,86.845,76.25,90.405,,98.755,,100,92.175,94.645,,100,92.515,96.595,99.385,90.975,89.555,100,,99.045,100,,98.095,95.69,96.935,94.965,100,100,100,94.325,,100,93.635,92.405,86.215,100,100,97.22,100,100,100,99.545,98.675,100,100,94.81,100,100,98.155,99.835,91.675,94.045
Mobocertinib,66.955,83.19,2.64,94.15,100,91.415,89.27,94.23,100,92.24,91.32,97.565,100,100,100,100,100,95.975,0.325,1.875,94.505,38.53,100,100,2.635,89.605,98.565,89.615,75.78,100,95.985,83.41,99.4,100,97.975,97.065,96.43,94.39,100,84.455,93.78,94.185,95.96,100,99.825,94.63,100,98.72,97.22,95.04,93.15,97.46,100,100,100,100,94.325,98.815,97.475,100,93.56,100,100,93.31,100,100,100,94.985,90.775,100,99.92,96.835,95.53,100,94.58,99.52,93.4,99.995,100,94.695,100,91.475,0,95.49,100,96.635,94.19,100,99.735,100,100,94.895,98.93,100,95.235,0.17,0.395,88.61,91.205,99.225,85.145,83.97,98.935,100,100,94.895,92.13,100,87.25,94.16,83.865,16.72,75.78,100,98.535,93.885,98.79,96.215,100,98.37,95.195,89.225,100,98.22,100,99.82,100,100,68.37,90.865,100,99.14,100,87.47,100,97.24,85.43,5.56,87.375,93.51,2.76,100,93.525,95.675,100,100,93.255,99.215,100,98.97,64.87,53.365,87.86,100,100,97.53,91.18,95.86,97.425,99.015,97.25,97.245,95.165,98.94,98.29,98.685,88.275,86.605,98.165,100,100,98.475,100,100,99.605,90.34,99.615,91.88,100,94.26,97.36,94.445,100,92.16,100,100,97.725,100,100,100,100,96.285,99.75,98.86,97.41,95.905,100,87.07,100,100,100,96.74,97.67,87.195,100,100,92.62,98.425,99.3,93.18,88.625,99,97.26,100,100,100,100,100,93.615,93.01,88.105,98.19,89.45,99.545,96.685,93.205,88.34,95.45,89.995,94.19,100,98.635,99.88,93.08,100,91.44,91.345,93.41,99.435,92.76,100,93.27,90.075,62.84,97.87,78.05,100,93.02,100,96.22,99.505,94.48,95.655,100,100,97.175,99.56,95.245,100,95.7,71.71,100,95.005,100,97.23,95.26,91.31,100,90.33,99.915,92.535,96.855,100,98.775,94.65,8.445,95.77,98.06,95.045,99.38,98.84,97.91,87.85,2.86,100,100,100,100,100,100,100,,96.63,100,71.335,98.905,90.46,98.83,93.22,100,100,95.645,100,93.39,,100,100,99.45,99.24,79.64,93.99,96.32,94.65,,76.6,96.94,96.695,,77.83,,98.885,93.54,100,97.82,89.99,97.57,88.195,100,100,93.445,88.545,100,86.82,100,,94.8,100,100,95.45,99.215,100,100,99.105,97.56,96.7,98.7,91.98,92.59,97.595,100,87.22,86.02,96.88,93.225,100,,100,84.915,88.48,100,98.09,,100,,96,99.315,95.525,,88.135,92.725,100,99.35,83.39,95.61,100,,98.305,95.29,,93.565,97.085,100,83.325,94.13,94.955,100,97.325,,100,96.705,98.265,97.62,97.695,100,100,96.87,98.91,100,97.255,94.735,98.63,99.15,100,98.72,98.19,100,100,92.415,100
Neratinib,76.745,75.63,4.815,96.675,91.005,93.98,76.065,85.085,100,90.76,92.9,100,35.105,81.105,73.995,83.88,89.835,3.7,1.845,8.695,100,100,97.34,100,6.1,90.145,2.215,68.095,48.58,92.555,100,78.98,58.92,95.13,96.315,94.415,94.22,100,93.09,81.605,73.145,82.74,81.08,75.75,78.79,91.21,99.115,79.225,83.16,87.445,88.07,88.975,78.89,91.185,86.485,23.89,95.65,90.155,34.645,17.795,34.26,45.21,100,88.765,58.21,70.515,100,78.435,86.065,22.87,100,69.39,91.56,82.835,100,100,56.855,100,95.115,76.44,68.35,92.835,0,97.32,94.87,89.555,85.015,100,14.8,89.81,100,88.13,99.02,89.575,77.895,0.345,0.34,82.58,95.28,50.03,20.605,41.685,81.785,87.96,85.92,90.525,23.78,68.975,40,53.81,82.89,77.845,33.95,15.115,100,100,97.615,98.02,88.61,100,69.455,43.535,94.705,41.025,1.875,100,92.8,94.685,66.825,61.36,98.62,94.42,96.355,19.05,70.655,92.51,97.675,21.615,87.89,58.57,4.85,14.325,31.575,16.265,82.69,0.995,0.72,92.04,96.355,12.03,65.735,11.385,39.355,88.515,93.415,97.09,80.145,77.42,79.56,73.12,25.26,6.81,40.755,21.925,21.825,1.735,100,100,100,64.99,74.015,36.65,100,100,93.01,95.755,100,100,98.09,6.04,6.82,1.72,1.3,54.21,71.335,67.35,90.705,8.855,53.655,50.095,96.585,100,86.575,91.855,100,100,93.465,100,100,100,100,17.85,12.345,11.73,82.67,99.475,84.48,88.785,100,97.05,85.245,94.08,86.61,98.805,94.14,100,100,100,97.78,87.405,86.67,87.955,84.24,92.635,93.105,72.225,88.73,46.72,53.425,95.34,92.23,52.06,100,91.285,100,100,94.295,92.83,82.935,91.42,100,65.435,97.79,76.775,82.31,80.25,90.71,89.545,55.73,79.66,84.97,96.425,88.375,74.02,95.27,89.56,98.875,35.58,18.49,16.515,100,97.615,100,93.67,84.38,0.815,51.995,80.585,54.94,83.045,93.82,81.64,79.77,87.75,91.335,34.055,98.055,42.47,86.98,80.725,76.865,71.4,96.215,29.24,87.56,75.33,49.79,86.045,87.285,97.305,99.135,,52.835,53.99,5.65,60.445,93.225,100,94.91,100,78.26,100,100,91.11,,81.48,85.78,81.64,93.18,85.6,80.165,93.615,88.515,,68.245,93.115,93.3,,65.205,,84.375,92.22,98,73.68,72.925,76.325,10.315,93.71,83.52,88.855,74.63,0.35,84.055,2.35,,90.57,90.97,59.395,89.96,98.465,98.535,91.94,96.995,100,100,90.165,98.05,98.48,92.915,92.025,97.715,98.375,88.26,91.39,66.385,,96.705,87.735,87.98,94.26,99.32,,90.285,,88.045,99.53,79.525,,89.025,96.43,3.635,35.445,90.06,83.345,100,,79.89,89.31,,81.215,100,97.895,83.76,1.14,96.315,98.235,88.97,,98.155,100,93.32,80.06,8.85,92.275,91.71,87.355,87.2,86.99,87.175,93.645,92.2,91.22,91.295,90.975,93.88,92.94,97.24,96.81,95.695
Netarsudil,92.132,95.725,97.844,52.474,74.829,30.833,96.367,99.532,100,91.253,100,95.523,8.643,92.3,13.005,13.789,14.356,97.681,77.114,100,83.966,65.43,94.167,82.862,98.874,75.98,89.766,100,100,95.612,96.42,98.888,96.016,99.339,98.053,96.359,100,94.357,96.463,85.564,98.52,100,100,94.593,85.314,92.888,100,90.316,95.778,100,87.525,95.353,97.215,93.959,46.769,13.975,93.41,91.112,96.909,100,94.531,89.307,100,85.554,100,97.346,99.34,91.066,95.74,93.82,93.992,90.712,95.962,90.731,64.985,100,95.309,95.413,78.865,72.448,89.407,96.752,94.993,100,99.211,100,100,97.811,99.14,100,100,96.556,100,94.884,95.191,100,93.135,91.769,98.382,93.587,100,80.41,84.19,86.467,92.95,97.747,94.308,66.481,26.41,47.115,81.977,100,92.542,78.332,94.196,76.847,100,100,100,94.693,96.363,97.283,97.35,85.27,100,100,100,97.869,78.247,91.54,90.773,82.009,100,98.367,88.758,93.808,100,100,95.388,98.636,85.789,86.751,97.517,90.044,85.604,92.951,88.793,46.103,83.599,21.834,43.011,83.026,97.085,100,92.805,93.449,100,98.65,92.408,98.804,93.975,99.449,85.637,89.757,97.42,73.725,93.158,100,90.871,97.853,77.158,10.866,85.819,89.188,80.138,32.451,2.852,0.869,98.832,98.462,93.315,90.09,100,84.125,13.925,92.137,95.09,95.648,92.054,97.401,96.216,100,79.799,94.204,99.124,91.723,96.69,100,100,0.278,1.794,93.433,93.985,96.303,86.176,91.614,92.852,91.849,87.616,72.789,56.222,99.768,78.767,96.648,97.191,100,96.487,3.374,4.646,38.012,58.128,50.962,0.598,2.711,3.029,33.147,93.134,8.569,10.739,75.966,100,5.406,2.66,11.25,4.303,10.465,7.638,95.638,100,100,1.71,98.815,81.692,83.037,91.698,100,0.732,3.977,60.161,90.732,9.925,10.88,3.378,16.859,54.756,42.659,26.253,77.166,84.099,37.154,100,93.684,97.996,87.458,95.544,81.925,38.401,4.214,74.549,100,100,95.052,100,93.192,100,91.975,100,94.179,99.221,100,97.033,82.496,100,97.486,84.165,95.753,93.61,86.782,98.989,97.294,92.888,83.052,95.821,96.317,80.743,99.156,100,99.706,100,94.145,80.943,100,,,91.187,91.698,96.691,94.289,92.667,,99.285,,,83.615,91.284,97.357,91.06,,76.257,91.247,5.155,93.558,99.514,100,100,93.718,100,87.639,98.167,84.363,90.039,86.898,97.797,96.223,100,89.721,6.152,7.733,96.652,95.21,98.567,,57.953,100,91.581,99.565,88.658,91.666,99.49,100,99.84,96.174,62.467,58.373,81.379,95.152,90.255,88.161,97.35,96.149,97.781,76.589,2.831,62.598,,7.149,98.349,88.026,93.339,93.71,90.04,89.789,95.422,85.491,57.866,,48.414,52.818,,4.991,100,100,87.102,75.594,88.027,96.646,97.606,,100,99.537,91.776,87.817,80.417,18.156,15.843,20.994,14.421,14.867,14.73,17.962,14.298,20.43,13.732,10.785,18.484,97.375,90.377,93.751,94.33
Nilotinib,2.04,3.105,81.52,88.715,100,92.63,95.955,100,100,100,100,18.175,91.225,100,93.115,91.695,97,100,66.435,95.24,14.2,37.01,93.21,100,100,27.32,89.57,94.685,86.71,96.07,87.745,97.17,94.34,99.815,98.885,97.985,100,99.04,100,58.975,100,90.34,94.055,89.41,100,100,95.74,100,96.58,91.865,99.13,89.105,98.655,86.81,97.86,97.93,100,93.45,84.355,100,98.2,91.405,100,97.665,60.575,100,96.89,22.41,93.21,34.025,86.06,100,100,100,0.345,97.865,100,94.05,88.32,89.77,97.175,100,68.89,45.765,2.37,24.03,5.59,6.175,62.21,93.9,22.5,1.195,1.325,10.145,5.415,100,68.425,100,99.26,100,95.01,100,100,99.285,97.785,94.955,19.405,88.49,85.87,92.255,8.64,35.515,88.635,100,100,100,100,99,100,100,81.375,92.97,98.405,28.53,87.775,100,100,100,89.57,100,87.555,98.155,92.985,100,98.6,100,100,100,93.3,92.105,100,42.37,94.565,50.255,95.14,87.175,4.87,90.85,100,97.425,90.12,23.74,48.635,99.965,93.22,96.48,100,100,100,92.245,95.435,100,100,100,90.41,100,99.51,85.335,97.595,98.525,96.49,77.08,100,92.99,100,100,97.565,97.24,100,97.865,100,100,100,39.425,98.21,100,91.475,99.06,93.175,96.78,96.195,100,100,100,97.625,20.265,16.09,100,100,99.89,100,100,86.915,94.91,94.935,100,100,100,100,2.065,13.265,96.18,78.51,99.675,100,100,100,97.415,99.55,92.335,99.02,100,90.755,98.11,100,95.04,99.525,97.81,93.105,88.73,100,100,97.505,98.645,100,100,100,97.8,99.875,100,96.71,84.505,1.745,78.46,100,100,100,98.81,100,87.975,100,100,89.6,100,100,100,100,100,78.925,92.165,100,98.15,96.17,92.59,95.585,100,89.245,94.305,77.97,100,96.56,75.345,84.3,99.065,100,94.135,100,96.76,100,94.575,47.865,67.44,100,80.415,100,97.98,100,90.505,100,93.385,99.27,86.53,97.985,100,80.115,12.165,98.255,100,100,100,100,94.07,,,93.395,100,84.035,99.115,100,,88.36,,,100,92.93,97.34,98.18,,1.455,97.73,97.825,93.395,100,95.83,89.155,100,94.645,100,86.03,66.425,100,96.455,90.15,95.325,100,91.535,100,96.05,85.46,89.07,99.32,,100,100,83.87,100,94.63,88.93,100,93.92,100,98.635,91.24,93.28,99.06,82.785,94.06,88.4,77.92,95.955,87.8,73.22,90.125,64.465,100,92.115,89.885,34.39,95.12,100,98.9,100,100,100,67.8,,100,88.465,,100,87.76,94.27,100,79.77,97.66,97.425,100,,90.665,84.095,100,72.115,94.39,95.68,95.4,96.615,100,92.515,100,95.71,100,99.225,99.95,95.255,100,100,79.18,84.545,100
Nintedanib,0.135,10.14,53.975,98.49,100,100,15.105,61.445,83.225,100,98.855,100,17.99,100,52.515,46.99,45.775,20.45,2.42,11.065,100,58.77,87.81,89.445,1.995,3.23,39.245,88.945,3.1,65.24,98.41,35.395,70.415,19.595,81.73,16.47,100,97.42,74.97,47.915,100,95.84,88.135,93.21,100,96.92,75.665,100,99.89,49.01,94.77,83.675,100,95.77,38.04,74.835,100,89.285,85.95,100,100,99.73,93.55,100,77.845,100,100,63.575,94.065,47.565,84.545,88.125,65.85,94.22,0,91.895,95.135,98.155,64.48,89.565,100,96.71,69.905,73.485,58.905,77.87,65.22,81.445,16.23,88.39,99.195,13.815,40.41,87.04,27.83,89.715,95.345,94.305,100,72.915,16.24,25.715,4.11,3.02,9.045,66.26,19.39,5.825,4.76,0.765,4.59,70.69,4.41,79.255,96.32,100,89.405,84.885,78.4,96.17,73.24,54.13,100,8.635,19.27,100,100,96.41,100,29.275,80.265,96.245,39.105,9.51,100,85.64,19.365,48.085,88.685,12.02,4.82,87.47,98.18,95.17,3.59,43.845,0,91.23,100,5.585,32.84,2.105,10.115,100,89.63,100,88.56,72.065,83.165,62.46,53.665,55.59,23.055,23.58,0.555,15.035,100,14.14,72.28,71.805,77.72,36.865,100,91.865,97.035,100,53.855,87.985,100,7.185,17.975,18.7,13.535,32.1,36.62,84.39,91.795,95.685,91.535,100,100,100,77.56,97.815,100,76.365,100,97.315,100,94.74,100,100,89.085,96.3,86.605,100,99.535,100,95.94,1.705,3.95,90.095,77.655,82.725,79.965,100,100,100,97.295,82.795,89.96,94.3,93.58,100,100,87.755,100,89.945,90.405,96.17,100,97.45,70.86,88,100,72.335,88.63,100,99.475,100,100,85.16,100,0,65.43,100,100,100,100,31.71,43.815,70.45,42.405,30.76,99.71,100,100,0.61,46.835,49.385,100,96.89,95.935,68.215,35.64,4.865,64.565,87.885,76,100,32.375,100,97.205,77.755,32.855,31.665,100,38.285,98.165,6.22,35.905,3.315,100,9.295,67.405,31.27,41.63,87.16,92.845,74.28,97.75,81.3,100,92.865,2.125,63.41,100,66.625,97.72,100,76.62,94.215,,,33.14,100,85.83,100,96.37,,89.015,,,31.92,96.63,89.93,95.365,,3.895,92.185,98.745,88.125,97.565,87.97,100,92.525,98.38,93.335,100,58.115,98.375,46.155,100,42.485,100,89.97,97.275,78.835,86.265,100,94.24,,100,100,1.37,100,98.485,100,100,93.625,99.49,74.595,55.685,95.92,100,83.535,100,84.26,77.905,81.315,96.03,5.33,94.735,53.04,100,72.53,72.885,83.63,83.415,100,5.995,69.295,100,100,77.72,,90.865,97.185,,90.14,91.415,100,100,4.465,43.145,87.29,100,,93.21,89.185,100,94.955,8.32,19.695,25.2,22.335,13.99,14.91,15.315,17.745,14.08,14.475,11.13,8.47,16.62,100,83.13,96.87,82.26
Osimertinib,76.755,97.715,7.365,98.205,94.97,100,19.495,100,98.925,100,100,81.37,72.435,95.83,97.73,90.34,74.83,89.915,9.95,20.485,65.785,14.23,95.505,90.19,3.725,81.36,93.805,91.665,97.61,98.08,98.415,97.68,92.455,100,90.795,92.775,100,100,100,34.555,99.365,92.965,95.13,92.85,97.055,100,91.175,93.9,100,98.62,100,95.34,100,71.945,98.315,92.22,98.13,91.79,100,97.945,90.37,95.395,85.655,91.165,84.54,94.315,84.62,78.54,100,100,100,77.74,100,95.715,94.305,100,95.245,100,86.315,37.9,60.945,100,0.9,97.03,90.255,93.235,87.02,100,100,96.77,100,92.095,92.47,98.425,100,0.645,0,92.695,98.86,29.29,67.38,61.07,91.565,91.19,96.655,95.995,88.51,87.67,26.76,56.275,100,96.07,98.675,90.865,100,100,97.9,99.97,97.33,100,85.625,100,85.635,98.98,56.22,100,100,100,32.18,43.145,100,100,87.815,66.055,99.4,91.725,38.08,14.58,100,100,2.465,86.86,100,93.85,87.425,100,100,78.845,99.41,72.335,17.61,71.045,100,96.84,100,100,100,88.525,100,98.935,92.985,93.72,100,83.605,91.485,50.89,96.52,36.45,92.675,38.11,88.935,46.265,13.79,26.515,100,98.99,100,100,97.53,90.555,98.79,92.205,99.84,81.68,9.125,97.225,96.225,100,95.465,98.34,100,100,85.93,100,99.935,88.175,100,96.63,100,100,100,92.62,94.3,92.475,100,97.265,99.02,100,94.17,84.905,92.74,89.85,75.86,93.01,100,100,99.565,93.895,100,92.2,87.34,94.685,100,99.28,94.46,100,96.81,66.26,68.565,89.67,100,89.65,94.145,94.05,85.93,97.015,92.855,100,100,89.575,91.165,50.975,96.655,95.28,60.205,99.765,99.495,99.19,99.475,2.775,94.495,93.525,73.555,80.88,100,100,88.135,69.105,87.34,94.525,100,100,97.145,100,30.2,100,51.96,72.54,89.475,100,81.34,73.165,94.04,99.965,92.905,25.375,100,100,100,99.705,98.915,96.87,97.895,2.37,30.355,99.775,99.765,94.86,98.255,95.045,79.91,92.47,100,100,92.515,95.39,100,94.08,89.065,100,84.265,100,,,81.7,98.955,84.63,92.205,100,,92.11,,,78.385,100,100,100,,71.02,100,100,85.205,99.11,97.91,100,100,93.66,99.37,98.475,77.235,100,59.4,97.25,63.24,100,100,99.46,93.445,88.45,100,90.04,,94.945,100,53.195,95.2,95.24,64.7,100,100,95.83,100,86.795,72.8,100,100,100,100,65.305,100,100,96.27,100,84.085,98.745,94.605,78.92,95.37,97.435,100,81.985,97.25,100,100,87.93,,100,95.71,,90.4,98.955,98.13,100,18.665,7.2,94.14,99.3,,99.165,99.015,100,100,20.275,98.86,96.855,97.59,100,93.185,93.295,96.18,100,100,97.505,93.56,96.045,97.965,100,92.86,94.07
Pacritinib,7.975,11.165,5.49,100,100,90.43,44.735,3.07,3.35,74.705,78.51,53.14,10.47,93.545,34.62,81.675,65.84,10.205,14.48,7.25,41.51,6.985,95.42,91.13,19.67,1.625,29.02,56.25,5.92,67.975,85.785,44.04,76.43,9.335,52.5,14.295,79.605,92.515,29.685,14.225,68.09,55.94,48.285,61.63,77.35,13.81,6.605,57.79,74.75,30.85,22.025,71.625,1.985,3.18,90.675,88.995,100,94.18,96.49,96.065,87.815,93.395,43.87,23.35,1.155,6.395,94.105,19.41,98.515,72.5,100,6.395,64.74,91.94,29.11,95.715,100,43.565,20.95,53.99,74.92,90.355,18.865,40.03,66.31,88.57,70.48,96.78,38.64,71.325,98.995,21.37,58.215,91.425,41.175,42.135,24.76,94.79,94.04,54.435,9.615,29.93,31.15,34.535,29.53,90.08,13.325,18.765,6.425,7.9,4.32,36.73,7.755,14.56,97.455,100,100,95.065,99.725,90.23,32.565,29.265,83.795,35.31,2.855,35.71,2.585,23.065,3.78,24.47,87.755,69.95,20.55,39.38,0.41,17.155,20.775,74.11,12.765,1.57,5.43,11.455,76.035,30.08,55.355,62.81,1.585,13.015,23.27,12.435,16.625,7.565,43.015,96.365,98.735,100,84.105,80.49,83.51,75.085,80.735,58.115,60.715,66.965,79.435,4.925,100,37.32,31.53,65.38,36.345,49.73,69.82,94.77,96.495,84.815,97.955,100,100,35.895,64.835,72.99,100,26.655,55.695,79.745,88.5,94.59,57.005,82.595,100,97.4,21.35,100,67.115,99.53,95.92,89.22,100,59.91,92.24,77.91,78.635,72.06,18.88,55.435,87.47,92.86,87.015,46.01,27.255,100,32.37,93.685,87.055,95.92,87.86,71.165,72.05,3.565,50.2,12.87,63.71,57.33,42.82,12.265,91.085,63.625,54.48,83.04,100,77.7,96.825,79.235,100,53.105,100,85.23,97.01,89.99,83.92,35.995,89.245,48.51,29.77,73.82,90.09,87.885,79.85,1.825,78.455,89.365,100,82.15,90.29,80.545,100,7.025,46.87,26.02,77.135,100,83.25,24.515,62.405,96.55,27.61,62.735,23.98,26.145,56.82,32.26,22.455,66.105,29.18,28.25,27.805,81.465,80.475,10.57,8.78,3.335,87.875,14.27,52.21,1.185,65.285,87.845,99.88,29.83,46.285,,64.595,44.005,9.465,72.695,95.72,20.53,61.705,87.95,63.685,93.32,93.72,75.76,,70.905,66.57,69.595,57.07,29.47,71.02,11.01,48.24,,2.07,94.18,97.745,,6.17,,63.97,87.605,92.645,12.08,27.38,92.265,25.13,100,17.325,68.175,96.84,31.665,86.18,8.93,,94.285,31.675,37.06,9.27,20.015,9.615,54.545,73.78,100,91.615,97.925,99.515,71.03,95.66,89.995,81.955,65.03,21.05,82.735,61.035,,85.445,94.98,87.775,100,98.08,,51.1,,97.31,84.815,43.075,,84.245,89.275,34.025,87.41,94.695,100,37.405,,94.66,87.35,,69.785,92.115,77.56,77.965,0.83,8.175,98.15,98.485,,96.585,100,100,87.47,5.82,70.795,80.66,77.935,67.845,71.835,69.08,51.81,60.83,60.6,48.375,44.45,65.56,28.87,8.93,24.285,61.62
Palbociclib,93.203,100,100,95.796,98.367,100,90.158,98.486,98.166,96.099,100,100,71.868,96.973,98.706,98.031,100,93.54,97.526,98.67,97.842,94.831,100,95.317,100,83.407,91.276,97.672,97.438,96.722,100,87.171,95.729,46.311,76.062,34.965,100,89.185,90.407,86.797,100,100,74.491,81.353,93.331,1.027,0.444,83.634,88.926,1.387,1.48,95.692,37.499,49.177,82.575,100,99.792,100,92.85,90.421,97.315,100,100,52.079,8.638,37.239,100,14.081,95.49,97.144,90.381,81.709,66.891,82.885,95.526,100,93.976,58.783,22.948,46.802,41.185,96.952,92.462,95.775,94.598,97.325,98.992,97.578,95.856,96.842,94.852,98.433,98.348,98.129,94.257,95.931,93.153,86.666,100,96.566,100,76.361,97.696,96.576,96.69,96.275,91.492,98.514,59.061,98.238,91.653,100,99.257,92.055,100,100,100,100,97.415,99.089,92.666,92.421,50.39,97.144,100,92.635,59.875,88.258,76.291,87.126,77.355,100,94.912,98.135,86.15,91.119,96.532,100,99.697,100,97.005,77.758,85.401,52.645,100,76.347,90.134,100,100,84.125,82.635,89.785,98.365,100,97.604,95.475,98.7,95.155,94.18,95.949,93.472,87.036,91.341,99.874,53.399,82.486,100,86.083,100,96.636,100,95.982,100,95.289,98.552,97.668,95.302,100,92.582,91.591,100,77.629,100,90.733,93.711,95.546,98.574,95.444,98.837,93.556,98.883,96.826,98.016,100,100,91.714,100,95.533,100,100,100,100,95.94,95.507,95.625,95.816,94.723,98.092,91.199,90.474,93.252,100,71.994,99.079,100,96.117,84.39,99.22,100,100,98.057,94.689,90.67,100,100,91.304,92.216,29.252,27.196,89.14,100,58.891,89.015,93.998,97.152,100,100,61.144,95.793,100,99.782,75.607,100,94.268,79.923,96.247,93.826,100,100,100,80.575,88.9,92.845,59.779,100,100,84.91,99.504,95.664,63.921,100,95.903,89.592,21.851,48.476,95.803,57.852,90.136,48.383,95.813,100,76.153,65.51,86.741,93.479,95.32,100,96.913,97.527,90.7,97.732,35.59,98.965,100,88.639,96.015,91.753,74.82,19.897,88.181,94.658,89.635,96.205,92.787,78.042,98.928,100,65.006,100,93.442,57.699,100,,,56.138,94.109,57.303,85.915,34.325,,94.395,,,51.219,15.551,100,81.483,,84.834,100,89.494,83.441,94.414,100,34.408,74.858,90.115,96.262,83.57,72.212,67.072,89.685,98.265,76.209,100,96.894,99.374,100,74.705,94.445,97.185,,100,95.92,93.345,100,91.651,87.173,100,99.487,93.623,97.223,91.274,87.5,88.612,85.62,76.456,94.737,100,100,100,91.477,90.354,39.486,99.085,98.702,98.413,100,92.726,97.005,94.536,99.606,93.463,100,86.387,,100,89.617,,91.884,95.866,95.791,92.751,81.632,94.502,86.496,98.526,,96.85,94.605,96.757,100,86.705,79.287,77.307,74.432,64.025,59.873,60.258,79.892,66.85,78.355,58.802,51.022,74.273,90.538,65.436,80.052,92.634
Paxalisib,93.345,91.085,97.665,100,100,88.555,89.26,100,99.825,98.46,89.175,87.765,90.755,97.165,91.52,91.895,92.715,94.44,79.78,82.13,90.96,86.795,97.505,85.555,72.92,82.555,94.255,95.55,81.04,97.805,100,87.91,82.25,75.94,93.55,64.16,95.66,90.64,100,95.72,92.06,91.815,100,97.39,100,100,93.645,100,100,99.825,90.935,99.025,97.81,93.21,4.79,94.33,100,95.17,95.585,100,100,96.185,91.59,99.04,99.235,100,100,100,91.29,100,94.96,95.605,84.555,100,100,100,92.495,92.79,95.275,100,99.59,97.425,100,97.89,93.96,98.965,97.88,98.32,84.85,99.535,92.805,94.815,88.515,98.88,89.465,95.315,94.61,87.13,96.1,94.585,100,93.685,98.49,98.845,97.35,93.24,80.93,94.86,79.43,90.255,88.375,98.765,79.84,97.72,100,100,98.45,100,100,93.3,94.545,94.895,93.62,74.005,91.755,100,100,100,89.01,91.69,100,97.385,99.15,88.785,97.665,87.53,92.82,100,98.26,95.265,100,95.515,91.915,94.975,95.82,97.68,70.535,95.725,100,84.305,97.58,82.15,100,87.8,93.14,100,99.125,92.185,92.09,90.845,97.865,93.115,98.465,85.185,95.445,95.44,97.45,93.935,92.295,86.51,53.27,61.42,100,100,100,100,100,98.115,89.295,96.415,94.865,95.225,99.37,98.54,100,89.295,100,94.66,96.64,100,99.83,97.075,96.85,100,100,85.895,100,98.445,89.145,93.105,98.015,100,100,100,77.525,90.85,97.25,94.26,100,89.98,91.115,88,81.395,95.96,93.42,93.59,96.375,100,95.53,87.875,93.54,100,88.615,100,95.755,100,98.51,100,95.11,99.92,99.9,96.585,84.53,88.475,100,96.435,99.99,93.38,92.305,90.345,85.755,91.68,45.84,81.585,100,87.315,90.755,96.525,99.095,84.875,92.87,91.27,65.855,86.97,97.68,100,100,91.455,98.395,100,91.28,99.425,98.745,96.195,87.73,100,81.42,93.375,100,77.715,96.01,91.665,100,94.165,89.05,93.14,87.29,97.565,98.345,95.065,92.415,84.095,97.23,80.63,90.205,95.465,92.615,99.01,100,100,98.3,,92.99,90.64,57.185,92.875,100,100,100,100,100,96.035,100,100,,93.145,96.745,100,100,73.39,98.04,100,95.095,,100,96.89,92.335,,94.58,,97.675,89.76,96.29,99.81,95.135,99.155,90.185,95.545,100,91.545,88.775,89.02,99.36,94.45,100,95.98,97.415,96.705,93.675,99.175,94.505,87.97,100,98.9,88.62,94.195,92.395,100,98,100,18.76,99.11,98.47,96.845,96.395,,99.565,100,88.03,82.165,100,,94.215,,96.815,89.44,93.41,,96.265,96.345,89.11,100,96.04,100,97.035,,98.95,96.355,,100,96.355,94.985,94.555,89.51,100,100,100,,86.73,92.66,99.62,95.415,96.725,99.305,100,98.915,95.845,95.675,99.415,100,94.7,95.965,97.42,98.74,94.005,97.685,98.745,89.9,100
Pazopanib,22.51,24.1,87.16,100,100,100,77.32,100,99.675,100,100,48.94,45.285,94.78,21.27,39.92,24.435,95.04,59.005,83.615,20.665,50.055,98.135,91.125,77.165,19.99,39.905,76.35,44.13,97.24,100,97.975,85.94,82.225,100,96.095,87.635,100,75.7,65.135,82.535,92.025,89.35,92.59,97.87,98.65,76.85,87.84,100,98.365,87.34,93.665,73.095,47.565,100,93.345,100,99.985,95.92,96.905,94.335,97.675,91.855,20.95,100,100,85.61,95.43,94.705,89.98,100,93.5,100,100,13.945,100,94.47,96.455,96.055,83.31,99.12,100,63.655,82.6,85.755,86.835,95.785,95.42,76.625,84.345,98.635,86.065,92.885,100,88.13,100,80.93,95.86,93.08,85.845,86.155,63.74,12.66,11.095,21.295,56.895,19.245,7.04,33.75,3.935,7.045,52.63,55.27,59.385,96.665,100,100,100,99.18,99.1,84.5,87.245,85.06,46.465,54.815,100,94.76,94.66,89.17,96.275,100,100,91.79,99.99,92.66,86.55,96.215,93.485,98.22,86.95,90.395,39.475,84.825,39.635,7.22,54.835,12.97,18.94,78.775,38.035,70.5,11.46,49.815,95.83,100,100,98.38,100,100,92.695,93.315,84.59,100,74.105,88.61,44.475,100,96.205,45.525,7.545,15.16,5.82,100,93.69,96.535,96.45,100,100,98.56,89.01,96.26,100,100,65.275,85.705,80.015,95.525,57.43,99.725,81.125,100,100,80.18,67.745,98.06,85.615,100,100,100,100,100,90.555,88.135,95.525,95.305,100,90.94,99.685,91.52,25.47,24.855,84.61,96.505,88.495,99.42,100,100,97.965,100,88.505,91.695,99.3,92.01,100,100,86.97,99.715,87.345,90.235,87.555,100,99.305,100,98.215,89.49,95.36,95.455,95.4,100,87.225,94.395,77.035,4.52,16.215,58.445,99.77,97.355,100,94.32,8.6,84.36,94.16,93.45,79.29,99.5,100,96.345,80.175,53.25,94.905,100,100,96.135,58.435,96.515,100,68.77,84.075,81.855,95.015,84.695,20.385,33.41,64.255,91.93,72.02,76.14,75.555,100,86.835,87.235,78.86,100,21.035,77.125,82.28,86.235,100,100,94.645,79.495,93.615,91.42,94.86,53.31,96.54,99.195,98.385,81.85,100,92.565,100,,,94.065,96.04,82.94,94.235,94.465,,90.37,,,100,51.01,100,99.1,,8.235,59.37,98.79,86.625,100,95,74.32,64.96,97.795,100,100,86.86,98.855,43.965,92.27,46.59,100,96.41,99.8,96.28,92.55,10.78,87.54,,96.555,100,85.62,49.55,90.6,77.835,100,100,98.565,81.68,95.31,86.765,69.76,100,100,100,73.165,99.05,99.255,37.72,97.39,77.945,96.57,100,59.875,17.815,93.22,100,78.97,99.04,100,100,95.745,,96.16,96.73,,89.105,95.83,92.58,99.47,4.205,82.17,100,97.015,,100,92.985,90.455,93.445,74.85,100,94.2,94.23,100,90.56,95.375,93.505,100,100,100,98.425,100,100,91.625,88.645,86.42
Pemigatinib,81.42,85.93,96.955,91.265,100,91.365,93.86,97.165,93.485,98.745,95.065,100,96.445,95.115,97.27,80.48,97.98,100,53.215,100,100,82.42,100,95.035,50.205,34.615,100,90.695,93.185,84.29,96.41,68.215,95.775,93.11,87.21,89.49,100,96.395,93.125,89.125,100,85.66,89.46,90.86,95.8,79.42,79.23,76.91,100,92.495,36.72,100,91.92,94.74,99.46,97.095,89.97,93.825,89.615,100,100,98.885,95.82,99.17,100,100,100,97.05,93.2,92.28,99.065,97.605,99.045,69.9,94.82,100,99.735,100,100,91.825,99.11,100,52.835,94.045,100,98.44,99.88,89.875,98.695,99.18,95.825,96.8,100,98.55,96.465,76.145,53.9,93.645,98.345,100,97.425,96.315,0.11,1.26,0.645,6.07,87.36,15.335,87.42,7.91,4.52,100,86.76,91.525,100,95.425,100,89.445,100,98.105,99.68,99.085,95.805,69.2,100,100,100,98.04,87.59,91.065,98.705,99.605,100,95.955,74.975,100,97.935,97.935,89.805,80.175,95.73,88.16,96.15,92.865,43.215,100,81.68,86.945,97.81,94.905,100,38.295,82.12,100,99.285,91.83,59.34,56.57,64.45,57.105,100,98.1,32.845,47.115,100,99.685,90.055,87,64.475,59.945,18.67,51.8,100,98.51,100,98.03,98.285,93.835,100,87.84,88.95,25.57,50.915,86.4,94.33,40.955,91.395,97.605,100,91.21,100,93.25,100,48.66,95.49,86.68,93.21,83.18,100,96.5,93.7,100,100,100,99.33,100,98.225,100,95.83,85.655,49.315,97.255,91.395,96.925,94.37,98.495,100,99.815,98.655,92.45,97.05,93.63,93.885,100,100,90.955,90.825,100,100,95.94,100,97.79,97.77,84.975,100,98.12,98.94,97.225,98.83,96.945,100,89.63,100,63.95,100,100,98.69,100,100,80.35,98.28,99.43,98.035,93.505,92,89.535,97.885,89.16,100,97.77,100,100,99.755,100,99.255,27.52,95.495,100,94.35,100,100,42.285,19.715,90.615,94.07,96.82,100,84.87,86.475,94.445,88.6,82.6,100,100,88.635,96.37,100,98.745,96.02,100,97.8,,97.215,99.01,78.275,91.34,97.235,91.405,99.91,98.61,100,100,97.195,76.605,,69.305,69.205,97.435,82.52,84.97,99.71,77.22,65.78,,81.71,99.53,82.425,,80.68,,99.295,95.99,98.23,2.33,14.66,85.02,64.12,100,100,97.215,90.525,29.22,91.245,97.745,,96.725,100,97.05,97.025,93.195,92.93,100,96.875,92.015,95.03,100,95.42,94.72,79.865,95.48,100,87.765,92.62,96.54,64.835,,100,95.955,96.235,96.955,99.32,,98.795,,95.29,97.59,99.29,,93.79,87.545,78.66,20.575,99.07,99.64,100,,97.505,100,,93.64,96.795,100,90.285,95.45,96.225,100,98.96,,96.95,99.415,99.38,84.105,91.535,95.435,100,95.585,98.615,99.85,94.855,93.11,97.99,98.23,100,93.535,90.16,98.31,68.855,96.72,96.59
Pexidartinib,87.48,88.125,98.305,95.94,98.795,97.95,98.78,100,96.48,95.65,100,85.79,91.785,87.08,56.15,19.665,84.315,87.46,83.115,99.625,90.195,92.05,95.99,95.795,81.56,4.835,73.335,97.33,100,97.885,90.15,99.71,99.09,100,88.355,100,94.275,96.75,99.67,92.895,89.37,79.81,86.33,91.965,96.875,100,84.465,86.835,89.48,100,90.915,96.99,94.965,100,96.31,99.095,100,96.82,94.46,100,89.125,85.655,86.77,96.005,89.98,92.74,100,100,95.56,92.255,94.66,96.57,92.51,100,36.8,100,95.655,97.895,95.71,85.695,97.115,100,82.045,100,98.83,93.84,100,99.06,94.005,88.895,100,100,100,98.795,96.945,93.535,92.245,94.07,87.425,99.625,100,96.55,69.775,60.085,83.135,100,98.765,74.315,20.685,74.755,2.505,92.115,100,83.795,100,99.15,96.255,94.43,100,99.085,97.685,91.59,84.08,94.15,86.375,99.4,97.81,100,89.075,93.345,98.56,100,98.12,99.06,98.065,69.85,100,100,100,73.7,100,93.605,92.525,95.485,96.745,100,48.145,83.97,65.57,87.6,59.595,91.875,98.125,100,95.985,100,100,100,97.895,89.955,97.265,92.015,96.445,91.29,96.835,95.785,90.965,91.715,89.51,90.225,65.65,81.255,85.265,81.385,95.875,99.505,96.94,100,100,77.5,92.17,94.685,84.52,64.93,85.385,100,77.425,100,100,95.98,97.26,95.205,97.085,93.025,97.745,100,98.475,100,96.57,91.565,100,95.49,97.985,91.4,93.34,95.07,95.26,98.63,98.51,69.925,37.63,94.86,84.325,100,97.58,94.1,100,98.165,90.955,96.18,92.105,90.58,94.885,94.515,89.04,93.79,94.485,81.8,100,96.025,98.74,100,77.89,82.27,100,91.28,94.895,100,89.755,94.15,77.165,92.64,91.11,37.08,81.89,100,96.355,100,96.55,73.025,95.48,88.46,90.79,82.845,99.85,100,91.79,98.205,81.635,95.04,95.225,100,93.515,93.11,77.15,99.04,88.725,94.32,100,100,96.08,72.445,91.625,90.815,86.175,100,85.94,99.785,96.21,84.52,63.3,53.53,100,96.115,96.015,97.48,97.265,98.05,94.195,91.21,90.075,,98.59,84.555,91.675,92.695,100,100,100,100,95.565,100,88.235,86.785,,88.89,100,94.525,95.255,90.395,85.36,98.01,100,,90.425,97.635,96.775,,39.96,,94.79,89.095,100,100,90.97,98.355,94.035,100,97.24,95.505,85.345,89.685,81.615,92.865,,97.855,97.975,90.585,82.19,100,68.325,100,87.29,97.785,95.255,75.115,95.92,95,94.99,93.655,96.185,92.175,93.47,97.34,93.245,,98.14,96.545,94.705,85.005,100,,91.425,,100,91.39,73.31,,64.525,100,98.07,88.9,100,100,98.05,,100,95.555,,98.465,98.905,92.32,96.805,89.005,85.955,91.72,96.68,,98.21,99.52,97.505,100,98.745,100,96.38,97.31,89.085,100,96.645,89.845,100,100,100,94.945,100,96.26,99.74,78.4,97.62
Pirtobrutinib,87.57,92.89,99.47,100,90.91,97.72,89.325,77.145,98.775,96.57,98.425,100,84.95,80.445,61.56,87.13,50.32,83.375,66.07,54.55,81.45,11.87,96.505,98.7,2.305,30.325,100,88.38,79.245,100,95.92,92.215,99.42,94.46,100,92.72,100,98.515,99.31,100,88.705,91.44,88.91,92.885,94.49,77.76,87.165,100,95.845,92.315,85.355,100,82.495,87.3,99.485,82.225,88.785,96.86,70.285,97.785,91.32,93.76,99.205,92.47,65.11,90.06,100,90.81,89.855,44.025,100,79.3,93.765,99.225,95.995,100,93.17,100,93.695,87.975,99.16,89.57,64.91,99.93,94.34,93.14,87.565,96.31,94.15,97.87,100,87.26,97.575,90.825,92.605,82.305,4.33,79.61,100,97.525,100,98.005,48.025,51.115,75.04,99.375,46.73,95.075,56.065,78.43,52.715,100,41.935,95.465,100,97.24,93.995,100,85.09,92.19,93.685,83.66,100,62.9,73.29,100,91.43,100,67.07,100,89.38,96.91,95.945,93.105,49.86,100,92.01,96.65,90.155,36.675,97.23,97.93,98.54,98.7,92.775,82.6,41.66,95.865,98.555,73.33,77.445,65.565,87.12,90.16,92.975,99.935,99.1,98.82,89.5,99.01,18.175,10.72,93.15,100,99.62,86.725,63.065,100,100,100,100,85.23,98.195,98.75,94.79,96.625,100,100,100,94,99.045,100,100,100,76.9,100,100,90.365,100,99.17,99.21,98.21,93.925,91.125,100,86.315,98.215,97.535,93.89,100,100,89.085,93.43,80.62,95.94,100,96.38,93.285,100,97.715,83.37,96.025,94.95,99.495,100,100,100,100,98.56,81.49,92.615,92.87,93.75,99.17,100,85.23,92.43,86.605,95.97,89.04,94.2,100,100,100,100,90.67,100,93.115,99.26,90.375,100,98.895,95.365,64.965,80.155,86.435,100,96.285,100,52.815,92.92,100,99.475,89.27,92.675,94.945,94.31,93.965,77.4,87.47,97.37,100,100,100,87.285,93.005,87.155,92.18,84.17,100,100,88.87,89.44,98.29,100,33.06,82.93,94.835,98.39,90.665,89.565,64.115,92.315,34.875,99.005,73.955,100,93.48,86.95,100,97.865,,93.345,100,17.37,100,95.085,98.24,92.52,100,93.765,100,100,95.635,,95.85,92.005,85.275,95.46,93.68,94.95,95.475,85.77,,68.265,95.495,99.25,,79.105,,93.865,100,89.16,61.07,74.71,81.41,90.205,93.165,90.885,93.685,85.5,95.14,76.36,96.315,,95.09,83.84,96.025,93.86,93.59,93.945,88.475,93.98,94.365,100,95.745,94.715,100,100,100,90.97,100,87.645,99.755,92.115,,97.94,92.475,89.355,90.15,100,,99.13,,98.85,100,90.695,,96.965,86.825,88.895,97.975,87.38,87.085,100,,82.645,95.015,,86.835,100,100,84.715,40.5,84.9,96.83,89.945,,100,97.645,88.23,92.71,100,97.265,100,99.565,97.025,100,96.86,99.975,94.755,93.32,99.04,97.09,100,83.13,92.425,100,99.8
Ponatinib,0,0,5.14,97.97,80.495,78.77,98.945,92.125,95.53,99.695,89.87,0.975,94.57,77.24,85.045,28.125,100,51.86,0,2.36,0.56,8.265,91.83,89.975,29.955,0,35.17,84.655,0.22,78.89,87.775,97.42,88.135,100,100,97.27,81.075,89.965,16.395,9.655,81.285,93.55,93.48,84.825,79.93,71.715,79.4,78.01,88.275,84.65,54.915,96.205,91.555,77.745,93.43,7.44,88.845,85.595,92.155,100,94.54,100,100,88.705,12.25,88.415,89.195,87.56,100,1.59,32.73,90.915,99.095,89.4,0,92.03,100,99.39,97.545,48.495,58.795,98.575,13.97,24.095,1.41,2.175,1.71,1.5,0,3.915,2.995,1.44,0.025,2.095,1.55,28.715,0.495,93.025,92.5,95.325,49.12,35.74,1.085,0.575,3.255,3.28,0.625,0,2.095,0.245,1.3,1.595,0.595,5.715,100,90.79,91.28,98.49,100,97.875,91.27,94.43,93.105,0.24,3.57,100,79.49,81.12,24.925,94.73,41.03,59.98,89.63,61.475,2.26,74.14,85.085,61.175,2.025,2.355,0.675,82.99,43.15,70.835,2.705,3.69,0.32,36.07,93.945,2.85,36.64,0,0,89.255,95.995,94.555,91.6,90.055,94.845,99.715,81.12,78,11.685,5.915,59.98,2.675,85.045,88.655,70.07,77.94,75.105,61.275,48.58,14.705,98.055,97.425,50.285,62.315,88.58,96.79,82.52,100,100,1.23,45.54,10.13,96.285,100,88.85,0,100,100,63.09,83.175,100,6.885,2.48,80.265,17.66,3.155,37.035,100,85.99,91.65,94.415,94.245,94.975,80.265,85.19,0.005,0,98.035,81.975,94.68,52.475,91.085,70.95,29.115,4.17,88.775,78.375,87.615,70.2,82.385,81.26,83.9,91.08,67.105,83.09,76.94,90.935,80.815,100,93.52,86.46,75.45,99.86,100,100,91.455,74.255,3.6,0,0,5.525,91.55,78.725,73.52,81.025,53.895,79.08,77.31,76.34,100,97.01,93.305,89.825,28.315,7.715,87.63,0,85.415,90.83,66.89,95.635,98.355,59.9,53.795,49.28,94.5,7.4,21.415,25.5,3.19,98.23,92.12,9.24,0.97,95.235,1.62,1.59,3.345,99.2,4.69,76.885,14.33,92.735,96.56,64.505,5.36,96.43,,95.315,89.44,3.095,1.39,98.365,95.08,94.84,91.135,59.83,86.83,77.425,67.18,,35.39,83.545,95.01,84.585,80.66,79.01,70.34,46.845,,83.27,82.225,91.05,,4.74,,86.81,69.41,92.895,81.375,91.615,76.245,58.285,97.705,6.445,77.465,94.98,22.855,94.675,0.265,,,87.895,21.08,90.765,39.765,95.145,85.885,97.645,100,3.315,57.7,61.36,99.55,84.585,100,100,94.785,64.775,6.605,43.985,,88.36,80.795,56.06,98.96,92.025,,10.63,,100,67.07,89.065,,60.965,93.135,5.315,89.41,100,98.575,34.015,,100,95.615,,37.32,70.02,6.395,80.245,0.59,0.79,89.945,98.885,,95.235,89.41,97.19,99.8,21.945,96.295,88.515,83.27,95.47,96.385,82.85,83.54,91.5,71.23,88.275,81.075,66.87,62.37,59.29,22.2,62.245
Pralsetinib,42.945,53.795,19.49,99.495,100,100,17.445,100,86.56,100,100,88.725,16.22,100,16.63,49.985,84.095,23.275,3.915,12.665,94.58,60.02,92.815,88.405,36.58,6.165,58.915,98.125,12.52,100,90.46,96.55,91.48,100,96.37,100,100,85.825,78.12,83.48,80.805,65.365,58.475,46.76,40.835,94.69,90.735,71.78,77.12,100,98.31,93.585,91.075,100,95.135,100,99.93,87.06,96.98,87.515,96.555,97.465,85.755,93.37,87.685,90.335,100,76.675,97.695,94.09,99.6,63.63,96.165,99.805,4.135,95.325,95.875,97.725,98.625,95.735,99.31,100,0.86,85.885,69.53,83.325,85.9,76.235,36.665,51.37,83.19,73.655,94.855,97.39,61.92,2.47,0.345,94.315,93.01,91.045,55.33,90.965,6.82,6.77,9.405,35.37,12.975,21.19,2.39,3.54,27.765,72.055,68.875,92.945,98.675,100,93.765,99.275,97.505,92.27,58.01,50.805,98.77,16.845,93.855,96.115,100,96.535,83.51,73.89,99.24,82.24,94.645,86.12,97.97,95.59,53.845,91.04,0.92,0.935,1.94,91.43,97.92,84.45,37.505,91.995,8.245,3.555,64.76,94.185,60.645,13.54,42.12,99.56,97.415,100,100,100,96.98,95.06,97.51,79.445,95.45,90.19,89.155,93.995,85.48,96.84,90.5,36.68,7.125,3.505,98.525,96.72,99.38,98.63,100,100,94.88,83.58,87.42,95.39,100,19.765,88.305,100,93.33,100,100,92.485,93.675,93.22,74.645,91.835,93.69,100,100,100,100,85.36,100,66.865,84.43,65.18,22.625,76.355,58.705,99.115,91.955,29.64,18.69,83.45,91.37,95.88,93.07,99.28,100,84.9,86.24,94.07,93.445,82.315,94.75,92.48,94.145,76.715,95.355,93.19,98.46,93.91,100,96.95,94.18,89.805,100,96.485,97.905,93.97,100,98.87,95.95,40.775,97.545,0,100,100,100,97.005,100,2.675,78.985,88.575,60.47,72.21,91.135,98.81,93.445,99.255,77.355,66.38,95.675,89.65,97.675,72.725,98.27,100,85.815,90.025,90.335,31.64,100,91.815,91.61,100,89.04,48.17,99.165,100,87.195,1.345,0.635,0.56,97.5,12.165,75.435,3.17,22.265,100,100,94.31,90.05,,100,91.215,8.17,93.865,100,71.015,69.035,93.07,77.32,99.23,58.18,76.245,,72,51.915,46.39,62.74,96.48,41.315,97.52,100,,83.485,97.155,97.875,,3.12,,100,100,100,97.085,90.025,100,96.17,100,86.315,87.555,96.51,99.6,84.505,43.055,,98.875,80.05,81.345,46.59,60.68,30.22,90.085,95.125,31.77,97.255,99.885,93.95,96.57,91.31,32.965,98.41,92.58,96.055,89.89,73.855,,95.215,96.845,86.565,87.81,94.235,,77.71,,97.86,81.205,39.065,,87.93,91.225,89.775,96.915,99.77,100,94.19,,100,100,,85.54,100,100,93.96,86.875,68.345,90.79,100,,100,98.045,100,91.625,89.6,75.07,68.11,62.955,63.49,69.835,62.69,65.675,69.645,69.14,58.58,58.48,71.685,93.445,78.68,81.105,100
Quizartinib,97.2,100,100,100,87.205,100,99.975,100,96.92,93.335,97.63,98.34,97.79,94.715,90.39,94.6,86.385,97.68,96.495,83.435,97.665,100,93.665,93.385,100,2.66,98.69,98.065,100,99.215,98.38,100,97.445,94.09,96.175,100,100,92.74,65.29,97.385,96.725,100,93.175,92.695,88.89,96.095,98.525,86.37,93.535,100,100,93.6,100,100,100,94.18,96.525,100,88.085,93.515,92.875,100,100,88.7,96.09,95.38,93.315,99.19,99.145,99.895,97.94,100,98.345,98.6,61.485,99.45,100,96.49,100,98.765,100,96.115,100,100,89.12,95.185,97.06,83.17,93.125,86.205,100,100,100,98.46,86.725,90.185,97.5,94.565,94.165,95.56,91.265,100,97.38,98.61,94.05,93.775,91.29,82.745,2.12,63.72,16.33,100,78.58,96.46,88.43,100,86.07,95.015,92.89,96.745,100,88.385,93.445,100,66.725,96.95,83.99,90.735,46.93,100,94.725,100,100,100,100,92.585,95.345,100,100,100,99.345,95.31,100,100,85.68,58.59,92.72,95.225,86.01,100,100,91.59,93.145,95.02,93.715,97.24,92.395,100,96.885,100,100,100,100,99.29,95.93,86.035,100,94.635,96.355,97.92,100,86.725,100,81.225,97.505,93.765,93.865,94.335,89.24,100,100,97.435,87.42,20.8,95.62,88.135,86.155,99.775,92.025,82.855,100,100,92.595,100,100,100,96.295,100,100,100,100,99.575,99.86,100,98.56,95.685,100,93.315,87.04,30.25,10.995,100,95.1,98.025,92.495,100,100,99.77,98.815,93.92,93.9,92.855,97.26,97.23,95.32,98.27,98.165,100,91.795,96.045,98.995,100,95.015,95.97,87.69,98.45,96.98,91.59,90.875,100,100,100,93.67,20.54,97.04,99.095,88.22,100,88.31,90.535,96.845,100,100,100,99.805,100,100,88.825,83.45,100,78.155,94.99,96.4,100,97.865,97.48,100,100,94.62,99.6,94.22,96.535,100,95.15,100,100,98.405,99.445,100,60.645,42.385,46.14,99.22,95.105,100,90.235,100,100,100,94.12,93.76,,99.715,100,99.685,84.055,97.425,100,100,100,99.315,100,94.575,94.14,,83.025,100,96.28,100,100,99.9,100,97.695,,100,98.94,100,83.565,51.8,,90.1,91.78,97.71,100,89.15,100,94.055,94.465,55.69,96.51,95.6,100,82.78,93.385,,,100,100,84.86,100,100,93.315,98.655,96.47,100,99.07,96.52,95.84,100,99.31,100,75.545,100,93.4,98.985,,98.585,100,92.4,91.935,97.575,,99.625,,98.285,98.88,95.5,,48.65,100,97.1,100,100,100,100,95.945,98.46,91.29,96.85,97.53,97.43,97.335,100,79.475,100,99.045,100,100,96.735,100,100,100,94.54,100,97.69,100,100,100,100,98.665,93.395,98.705,100,100,100,98.43,94.325,87.7,93.7
Rabusertib,92.415,100,95.395,93.39,100,100,97.75,100,100,86.625,95.09,84.025,76.065,95.17,100,87.665,97.96,94.85,93.96,95.245,58.945,95.05,77.97,43.08,87.82,74.43,100,89.425,93.795,97.61,94.84,96.065,73.845,8.025,68.41,9.07,77.11,92.55,100,91.865,100,84.405,100,98.2,95.93,100,97.23,92.65,94.73,99.415,90.685,100,91.61,88.615,0.64,89.84,100,96.92,97.3,95.06,100,100,94.12,91.41,93.18,97.87,100,86.315,87.59,100,90.085,96.555,79.655,100,94.835,98.805,94.615,92.145,94.245,90.4,97.235,95.68,95.135,94.175,97.445,93.255,92.01,95.13,93.115,97.075,95.905,100,89.95,100,99.055,97.105,100,94.26,94.915,98.32,100,98.885,99.54,100,100,88.565,89.595,97.72,28.845,90.61,91.885,100,100,99.965,91.45,100,98.955,100,100,100,93.595,94.47,91.845,92.44,71.135,98.07,93.75,100,96.02,100,91.695,100,100,96.575,100,95.75,94.375,96.68,100,100,99.195,100,89.78,99.95,88.41,89.655,99.34,100,98.955,52.63,79.265,85.145,92.78,97.15,94.075,100,90.145,80.755,66.24,74.465,97.04,91.165,90.56,82.385,87.96,69.735,100,82.335,91.975,100,100,87.695,80.865,100,99.895,100,100,93.28,55.87,71.895,66.1,79.89,100,85.175,100,97.31,100,93.955,100,100,97.48,98.47,88.25,100,100,81.83,100,96.945,94.435,96.395,100,95.775,97.155,99.93,71,85.85,95.765,99.885,100,86.115,88.885,61.7,71.875,96.305,78.215,98.985,59.695,99.805,99.54,100,90.74,96.395,84.985,95.785,95.17,93.175,100,100,98.97,88.955,94.31,99.03,100,92.23,100,74.91,97.7,93.445,73.45,93.09,97.745,86.07,4.365,71.415,100,100,96.055,100,100,98.445,25.725,23.815,8.925,15.75,99.345,99.565,100,27.895,91.735,92.01,98.425,90.51,100,84.355,75.91,99.665,83.78,84.725,66.255,100,98.35,90.165,100,97.43,94.62,100,92.275,100,97.925,94.315,77.465,24.775,100,93.175,100,100,79.085,100,100,100,97.58,,95.57,100,96.855,93.915,100,100,100,99.46,99.53,96.845,95.405,100,,93.55,100,100,99.7,19.705,94.595,85.23,97.39,,93.84,91.49,100,,85.65,,93.055,96.33,100,100,92.54,100,91.395,95.195,87.795,89.925,93.3,72.57,95.275,92.17,100,87.255,93.54,97.605,98.63,100,88.745,95.75,100,99.645,46.145,93.625,94.285,85.665,100,96.54,80.65,100,100,88.96,92.58,,96.035,100,84.895,92.945,98.865,,98.015,,100,90.005,96.715,,89.36,99.95,59.855,94.055,95.195,100,93.7,,100,100,,86.06,100,99.11,98.1,42.235,95.095,99.245,100,,90.04,99.09,91.585,92.735,100,82.695,83.5,82.705,66.65,60.15,72.015,75.82,71.55,81.915,58.105,51.975,68.885,98.5,93.325,86.4,100
Regorafenib,50.795,75.275,88.86,98.805,100,93.185,96.05,95.785,81.355,100,96.39,1.155,100,100,100,74.495,84.27,100,88.285,100,1.71,92.22,99.695,96.525,100,28.035,93.955,90.615,95.52,97.255,89.595,95.06,98.82,99.555,97.345,100,100,100,100,62.12,100,93.765,89.985,92.215,96.11,100,80.725,99.545,99.885,94.955,89.185,97.625,88.19,98.64,100,99.14,100,89.085,92.39,100,100,92.36,100,95.7,83.35,100,100,78.025,98.435,95.165,89.37,100,100,100,2.435,95.58,97.555,92.19,92.875,83.775,100,94.52,80.185,49.09,68.705,68.91,59.095,78.405,24.46,64.095,81.955,60.095,61.16,97.8,58.81,100,100,94.485,88.745,98.015,90.77,99.05,30.635,22.065,62.02,82.335,68.535,8.17,27.355,7.815,2.64,65.29,94.645,80.19,96.275,100,100,100,100,100,84.13,83.955,100,70.56,65.325,100,89.92,76.935,2.025,95.795,89.78,98.215,100,100,100,92.32,100,96.04,93.885,91.43,100,96.205,97.225,99.91,8.27,75.71,30.47,52.66,100,42.05,90.645,48.355,74.395,100,88.53,97.39,100,96.675,100,98.295,100,95.535,93.725,100,93.625,100,97.13,95.71,89.03,100,98.21,88.625,92.055,84.635,98.105,100,93.225,99.06,79.5,94.635,100,100,100,23.15,100,91.015,97.815,100,99.615,100,97.055,100,79.235,100,98.155,27.555,34.585,98.805,94.04,88.485,94.13,100,92.045,95.28,98.46,100,100,98.095,96.865,3.33,4.63,99.02,84.16,100,100,86.36,100,96.245,100,96.18,94.84,95.395,92.94,100,100,96.95,97.83,98.185,100,93.07,96.305,100,90.97,100,96.01,100,98.31,100,90.575,100,100,100,0.085,1.255,89.26,100,94.995,100,98.3,88.475,100,98.93,95.46,99.555,94.48,89.81,97.41,100,64.555,94.89,100,96.305,92.625,94.705,96.66,100,78.99,100,85.46,100,74.28,97.755,57.085,73.355,97.8,100,86.525,92.89,100,55.585,78.405,57.21,100,92.3,100,92.64,100,95.36,100,96.34,98.52,84.11,100,87.3,95.23,9.315,94.64,100,100,100,100,97.955,,,98.91,100,90.83,99.16,96.56,,83.83,,,99.435,100,97.54,97.67,,7.27,100,96.895,100,91.84,79.08,100,80.685,93.7,100,10.285,73.185,96.235,95.955,96.625,100,94.63,92.085,96.325,83.84,100,88.805,100,,100,99.265,55.205,80.355,89.87,96.15,99.235,96.565,93.365,96.925,93.07,91.59,96.24,86.71,97.42,100,68.795,83.015,87.38,82.665,93.29,60.05,95.835,84.075,77.72,8.145,63.67,98.95,98.945,100,100,96.5,75.33,,89.33,95.07,,76.61,88.98,73.9,98.82,69.55,85.72,91.4,100,,84.89,79.615,100,87.025,4.63,86.995,98.185,95.505,100,96.465,94.725,100,97.93,93.205,94.11,84.295,100,98.325,89.21,71.61,95.875
Remibrutinib,100,100,100,99.365,100,97.84,100,98.12,100,100,100,95.695,100,98.145,98.625,96.345,92.795,99.765,100,8.085,100,100,100,93.175,2.325,100,100,98.305,100,97.32,100,100,100,98.08,97.67,100,99.82,99.955,89.75,100,100,93.68,97.795,96.94,100,96.195,89.905,100,98.33,100,100,96.255,97.49,100,100,100,100,100,92.41,100,100,100,100,95.58,100,99.835,99.815,100,99.4,100,95.66,100,100,100,100,100,96.355,95.955,100,92.21,100,100,100,100,91.335,100,100,98.115,92.85,100,98.825,100,100,99.31,96.12,100,94.77,91.745,95.765,98.775,95.185,94.575,98.77,92.7,100,95.42,100,95.395,94.84,96.93,99.905,100,95.095,100,96.8,100,95.555,100,100,97.185,100,92.395,94.855,92.68,94.47,100,100,89.915,96.025,98.365,100,99.685,87.245,99.45,100,96.645,96.455,100,100,100,100,97.535,98.24,98.575,94.37,97.375,100,90.915,100,98.55,94.92,96.35,99.775,94.985,100,92,100,100,100,95.925,100,100,100,94.435,100,99.575,89.875,95.525,100,92.77,100,96.125,100,100,100,100,100,98.58,99.495,100,100,97.73,86.35,96.86,100,97.365,94.395,100,87.74,91.785,99.6,100,92.38,100,97.785,95.87,98.18,85.14,97.71,100,100,100,95.675,100,97.305,97.435,89.83,100,96.48,100,100,97.695,93.945,95.155,97.465,94.395,100,98.615,100,98.74,97.235,97.495,93.285,93.945,94.67,91.92,100,95.22,93.79,95.415,100,100,93.055,88.995,97.825,100,97.945,100,94.855,95.84,100,100,97.57,100,89.47,100,86.93,100,95.55,92.735,100,98.16,100,100,100,77.525,99.77,96.2,93.67,98.275,100,100,94.99,99.945,97.615,100,100,99.145,97.17,100,98.545,98.92,98.47,95.765,98.44,28.14,95.83,96.685,97.32,91.56,99.295,97.685,90.45,88.24,100,83.785,97.81,92.985,100,98.8,93.885,,96.955,89.365,94.355,99.5,99.945,97.625,100,100,99.335,94.07,100,100,,100,89.485,100,98.62,99.74,100,100,97.035,,96.28,92.775,96.575,92.425,91.055,,100,92.165,100,100,97.53,100,96.845,97.225,100,92.805,98.45,95.11,92.94,96.325,,,100,100,86.875,90.23,100,100,100,91.645,97.64,97.98,100,99.495,95.78,97.425,97.94,96.255,98.095,99.49,96.935,,96.705,98.225,90.2,94.865,100,,99.655,,100,79.865,97.92,,91.36,100,94.685,100,97.6,98.69,97.09,100,100,100,100,99.655,100,97.93,90.94,97.055,100,100,98.04,95.48,100,99.99,100,100,100,100,90.235,100,100,98.7,95.045,94.355,100,100,100,100,95.43,100,94.81,100,95.6
Repotrectinib,6.43,4.12,0.985,94.385,98.44,96.335,0.63,100,100,100,100,93.965,3.715,93.345,5.035,11.9,1.815,22.23,1.64,0.665,76.84,38.415,10.28,8.465,6.29,72.44,77.755,58.24,2.395,93.065,100,91.495,93.945,4.135,43.195,6.075,82.77,93.325,51.03,49.095,68.415,57.875,71.695,68.895,74.47,97.245,94.675,88.37,92.185,95.665,95.05,89.935,95.68,97.54,93.81,96.185,93.685,100,96.17,99.765,98.325,100,100,99,95.5,82.095,89.06,97.835,89.65,32.775,98.195,100,91.355,86.265,1.75,98.205,99.505,96.89,96.695,100,98.995,98.105,95.82,4.81,0.41,13.195,4.355,4.11,8.635,14.24,30.13,1.845,6.495,13.775,1.775,91.28,100,100,100,0.825,3.44,26,36.36,20.18,38.765,79.155,1.135,100,46.635,66.105,30.25,20.93,2.91,74.6,97.805,100,89,82.995,55.935,4.545,100,88.91,96.77,2.005,80.44,94.82,100,100,99.385,38.435,97.375,100,100,27.59,55.67,85.525,38.89,12.02,3.09,1.685,3.81,90.37,100,100,100,93.61,1.43,8.18,31.775,16.79,31.185,1.29,9.075,99.52,82.325,95.175,51.155,43.33,40.54,29.09,97.315,95.165,19.92,36.74,88.105,92.085,100,46.455,100,64.88,86.52,55.9,100,100,94.26,97.48,100,91.515,71.825,15.785,13.675,94.105,90.365,1.365,100,59.295,54.575,97.49,98.5,70.995,100,100,88.2,90.77,100,100,100,100,100,100,100,95.96,97.735,91.575,64.925,92.28,78.49,96.155,92.54,92.375,51.155,81.365,21.165,9.015,100,98.185,100,100,96.47,38.185,69.54,25.015,70.35,19.105,68.24,70.62,100,96.795,93.74,52.355,100,100,100,88.005,100,18.555,61.08,93.485,88.775,100,91.965,7.33,48.435,6.82,91.8,97.445,62.02,88.46,87.605,0.035,64.22,91.165,48.49,65.68,100,100,100,23.875,14.285,2.26,68.905,77.735,54.75,100,66.65,97.57,98.055,9.065,92.04,98.72,100,85.32,62.4,79.885,99.505,10.41,93.85,27.205,100,1.095,0.155,1.12,100,0.21,5.07,3.7,100,78.305,91.82,51.24,83.865,,100,86.91,1.62,92.925,90.505,100,95.55,100,89.55,100,93.825,87.59,,74.82,77.755,76.955,77.445,26.595,80.305,96.925,94.255,,92.11,98.49,89.6,21.05,0.735,,91.845,94.705,97.9,97.705,19.875,100,100,100,91.91,94.665,97.66,78.48,28.94,40.765,,,90.42,96.45,93.66,97.725,94.54,98.04,100,100,97.585,91.15,92.56,100,99.08,16.79,100,97.795,97.61,93.15,65.74,,95.19,100,80.44,96.205,99.55,,92.62,,90.46,78.085,16.51,,100,100,13.645,58.12,97.53,98.42,100,100,98.555,95.965,76.95,21.925,33.27,100,100,57.31,15.945,97.165,100,100,100,100,94.905,90.71,97.285,3.62,3.64,4.155,2.945,3.02,3.635,7.705,4.3,5.285,6.085,3.815,6.695,91,84.255,85.795,85.095
Ribociclib,98.995,98.545,86.19,95.28,100,100,95.705,100,85.23,100,93.81,100,92.585,92.97,99.28,86.915,56.9,100,96.54,98.635,100,96.8,96.225,88.945,100,100,92.02,100,100,100,100,95.765,93.39,100,41.04,45.66,100,100,81.035,60.535,96.52,96.935,95.37,91.68,100,5.33,1.385,91.75,98.365,4.65,26.74,99.715,98.3,58.44,94.11,100,89.525,91.065,100,100,83.825,100,88.23,100,96.51,100,81.21,95.33,95.53,100,99.765,93.995,68.395,100,100,91.33,100,99.71,93.835,90.78,100,94.415,81.135,100,96.425,99.01,83.455,95.15,100,95.07,100,94.395,97.47,100,100,95.645,98.355,93.105,100,94.275,100,96.2,89.575,86.25,99.17,92.6,81.425,94.555,86.795,88.555,100,97.475,95.48,90.56,100,100,95.565,100,100,98.135,79.13,100,75.705,98.085,100,97.915,98.405,87.11,90.115,95.205,96.375,92.555,86.655,100,98.415,95.135,97.27,86.105,98.97,100,85.495,94.395,100,100,100,98.49,100,49.035,100,88.35,90.11,75.485,100,100,96.505,95.61,96.955,95.795,89.415,95.965,94.135,97.725,100,87.57,96.185,93.1,100,96.1,91.855,100,93.66,86.89,100,100,100,100,100,100,93.85,91.75,99.17,97.945,97.9,76.175,100,93.01,100,96.455,100,100,98.67,97.98,100,100,100,91.245,100,94.44,100,91.025,100,93.02,94.55,100,98.71,90.865,100,100,94.77,100,100,84.345,100,91.865,100,100,98.865,96.11,99.85,99.485,88.995,100,96.215,98.395,94.28,97.87,96.57,83.165,82.01,84.03,98.625,95.195,84.715,99.7,76.095,100,93.995,97.585,100,78.79,99.81,87.23,93.875,94.195,100,100,89.295,93.315,100,82.595,100,96.805,100,99.29,98.18,99.195,100,51.195,83.535,93.535,94.545,100,100,100,93.64,100,97.73,100,78.89,97.49,92.44,98.5,98.375,100,87.785,100,100,100,92.11,95.64,100,100,100,98.775,92.625,100,100,100,97.755,100,84.42,91.97,100,100,98.28,100,100,96.405,100,100,100,100,,,53.495,95.775,81.89,95.865,100,,94.87,,,44.41,53.465,100,100,,87.18,100,100,85.02,100,100,100,88.44,100,85.435,68.78,91.355,100,98.23,97.745,100,100,100,100,94.515,84.515,88.51,89.925,,100,100,96.125,88.52,92.27,89.79,100,100,98.165,100,98.41,98.425,95.335,99.49,100,100,71.64,100,100,95.72,100,89.655,95.83,97.06,85.895,100,100,100,90.67,84.785,92.1,100,100,,100,94.045,,99.625,100,96.605,100,92.39,69.18,100,100,,100,100,100,100,97.095,97.785,100,96.735,97.975,94.625,93.89,93.965,87.57,100,100,97.39,88.095,100,100,91.445,100
Ripretinib,17.13,5.465,55.16,84.435,100,92.295,94.56,89.56,97.125,90.175,96.265,0,98.905,91.04,100,92.97,100,89.24,39.575,15.93,0,32.29,97.56,92.23,82.05,0.715,89.965,91.78,38.235,98.27,100,91.495,84.135,100,92.345,98.815,95.59,84.525,100,88.975,100,87.425,100,100,98.3,91.055,79.96,98.375,100,100,94.5,100,97.08,93.415,89.49,100,98.98,90.43,95.5,91.28,93.54,99.235,99.735,94.23,100,97.315,100,90.225,92.5,20.65,99.1,96.765,98.895,100,5.18,100,96.895,99.215,100,91.23,92.735,100,99.415,55.37,4.785,12.32,6.86,12.98,5.945,43.105,29.63,3.525,8.48,35.615,4.795,91.855,45.92,92.56,100,96.655,100,57.305,13.47,14.63,45.475,58.9,13.625,6.345,24.785,6.395,2.85,52.475,16.045,48.94,96.585,100,96.37,100,100,100,93.855,95.01,86.48,10.255,87.785,97.745,91.48,100,4.735,98.25,78.055,100,92.705,100,88.53,100,93.625,100,4.015,7.19,39.315,11.495,51.335,15.025,6.36,27.855,2.815,66.25,100,15.425,83.14,4.73,12.655,97.015,94.71,95.825,97.655,100,88.92,96.1,84.595,34.04,30.675,18.535,97.63,100,100,88.69,16.88,52.05,5.325,32.055,81.91,99.555,94.43,98.15,96.88,100,92.6,100,95.365,100,100,46.435,94.925,95.395,100,86.26,100,48.37,99.395,100,58.55,55.64,100,6.68,16.655,93.59,93.745,74.945,98.83,100,94.52,96.225,92.945,100,98.795,96.805,100,18.47,10.945,95.375,88.895,90.295,90.465,98.395,100,96.675,98.42,85.7,90.8,86.29,75.555,96.25,92.515,93.63,100,57.96,74.125,98.04,91.36,78.365,100,82.55,85.41,97.065,100,99.39,91.27,87.755,89.74,63.6,0,15.57,58.695,98.64,89.085,100,95.38,85.91,67.635,100,88.795,92.72,94.635,100,97.49,69.595,25.41,94.585,100,88.345,99.86,98.16,98.32,100,89.275,72.055,91.95,100,47.155,16.62,3.585,14.06,95.7,95.445,89.22,26.43,94.44,6.42,31.09,27.16,100,58.805,95.19,41.15,87.635,99.425,92.095,100,94.54,,95.32,89.15,15.425,2.6,100,100,97.645,96.07,100,100,98.115,97.875,,86.605,98.72,100,95.09,91.74,99.075,87.67,100,,93.555,84.3,96.5,,3.065,,91.98,100,93.9,92.755,97.475,57.775,23.81,94.38,94.135,95.735,90.67,57.14,89.56,95.06,98.335,90.465,100,75.85,100,29.68,91.06,92.79,96.305,100,63.83,67.395,100,98.365,91.92,100,94.05,84.395,94.865,79.125,91.86,,98.525,100,85.51,85.315,92.345,,95.01,,99.42,90.455,94.705,,88.63,95.305,14.965,66.355,95.09,100,50.38,,98.97,100,,76.23,99.295,88.195,100,44.025,80.485,98.195,100,,91.915,97.425,85.135,97.22,1.335,93.8,97.84,92.545,92.78,99.325,90.285,81.6,98.31,86.555,87.3,88.955,83.685,100,93.65,87.865,100
Ruxolitinib,81.305,96.305,21.545,94.695,100,95.675,47.945,100,87.4,100,100,87.44,70.57,98.32,59.865,82.16,82.245,100,86.565,96.275,94.045,91.72,98.48,88.695,90.425,100,92.325,89.42,92.58,82.945,98.155,72.815,92.045,6.955,60.47,9.475,71.24,96.24,100,60.13,100,89.91,84.595,86.685,96.175,96.635,90.525,96.81,90.095,100,100,93.985,87.965,89.985,95.265,97.9,99.16,87.195,86.325,99.35,100,95.375,95.515,93.01,79.88,80.555,88.23,56.695,100,91.995,95.925,65.895,76.43,55.565,77.64,92.845,98.965,83.07,71.49,79.615,96.33,94.575,77.955,92.105,86.25,88.755,90.615,100,89.84,96.9,99.18,81.905,90.915,97.005,85.015,100,100,89.21,91.82,96.75,91.43,96.995,93.985,83.56,100,96.685,81.485,90.685,82.865,87.425,88.8,93.675,91.425,94.805,94.33,96.795,96.215,94.995,91.815,90.415,87.51,84.905,99.59,100,90.4,100,97.67,92.945,96.045,97.88,79.985,94.88,76.66,89.915,77.265,96.35,94.08,98.83,3.285,0,0.78,93,97.72,100,95.295,86.58,81.815,45.72,95.26,93.18,37.04,88,90.97,88.69,88.635,98.01,73.295,66.455,68.69,66.42,89.265,90.375,47.39,42.98,71.83,91.11,97.915,82.06,93.615,100,89.425,73.68,96.97,76.8,87.125,87.925,74.64,93.69,94.425,89.465,91.19,86.92,95.755,69.845,90.345,90.925,94.205,100,92.705,100,96.71,100,75.745,99.27,84.82,89.245,100,100,100,91.835,95.63,100,90.51,98.01,81.455,100,100,97.44,90.805,100,100,91.465,54.615,87.865,99.68,87.475,98.035,54.535,89.465,63.94,96.955,94.445,67.265,88.45,82.55,67.92,98.745,91.805,82.655,100,97.34,100,99.505,98.625,71.955,91.61,91.535,87.285,91.24,100,76.24,85.88,100,52.34,90.31,96.725,36.365,50.455,100,50.24,99.255,90.27,92.785,90.785,100,96.56,100,69.785,79.29,77.04,98.27,91.055,85.32,91.17,67.165,100,71.16,13.41,88.675,100,95.61,98.175,84.465,90.31,95.715,89.455,100,96.27,89.255,92.055,48.815,24.76,100,72.68,62.425,0.99,100,63.29,88.195,93.27,93.39,98.225,100,100,96.96,92.42,88.325,63.195,95.965,97.64,75.035,99.665,,,33.36,100,87.785,97.81,100,,83.835,,,31,92.72,99.32,60.73,,68.36,100,12.86,100,92.46,86.405,100,83.095,96.155,92.545,93.225,84.25,96.21,85.89,82.67,93.78,99.005,87.595,28.77,64.84,89.525,98.005,88.805,,100,100,98.35,96.64,96.675,86.4,99.185,100,97.665,96.36,91.7,100,89.505,69.925,93.235,100,73.745,83.555,89.38,81.835,78.215,59.735,94.25,62.22,76.77,90.335,91.035,100,83.025,73.035,100,94.865,78.89,,98.635,95.835,,10,85.01,94.55,90.445,89.88,92.45,93.93,100,,90.78,84.94,99.305,91.74,71.94,82.01,81.74,80.375,82.52,84.9,89.06,89.455,84.11,85.685,83.385,78.91,96.58,100,97.69,99.14,97.695
Selpercatinib,29.18,33.33,81.175,91.92,99.73,100,97.665,95.39,98.095,83.725,100,91.245,46.305,80.81,25.74,13.925,9.56,14.77,14.715,79.86,92.39,62.62,79.725,77.675,82.835,1.255,39.92,75.975,36.785,87.625,94.545,80.51,100,100,98.005,91.45,100,100,99.915,99.415,100,96.365,96.32,97.24,93.12,100,97.87,100,91.31,99.925,99.125,100,92.735,100,82.385,13.725,80.845,94.505,87.525,91.075,88.615,90.705,93.81,100,84.555,96.07,94.72,73.06,95.71,88.195,97.525,58.09,97.33,94.58,7.83,100,57.815,86.825,92.25,24.085,67.355,94.89,98.045,84.14,54.66,88.23,62.26,72.375,6.995,16.025,88.245,6.42,40.83,92.895,24.115,100,93.645,89.85,92.025,52.805,82.92,85.425,12.57,4.995,13.37,50.85,23.24,3.775,3.885,1.125,7.16,41.935,64.79,90.035,95.915,96.82,93.8,100,89.555,99.955,86.255,77.405,100,27.03,94.285,99.125,88.515,100,77.925,85.51,83.545,91.925,88.02,100,97.94,88.865,99.575,98.95,48.66,6.18,86.915,76,96.535,79.46,4.07,86.25,12.705,68.69,97.06,33.2,55.325,13.6,56.215,100,96.07,100,92.705,80.61,77.45,69.955,83.715,88.61,100,100,39.605,88.38,100,100,90.47,47.19,24.925,37.535,83.445,73.655,97.115,88.76,91.755,100,96.61,84.525,96.605,93.24,91.985,84.79,95.77,93.555,100,92.985,84.43,100,96.46,90.51,92.86,89.82,100,93.37,92.915,89.89,98.895,58.34,93.725,100,96.855,97.48,87.545,90.995,100,100,94.4,27.375,19.73,92.16,81.785,97.06,95.76,100,95.435,91.745,100,82.455,88.015,61.665,100,98.51,92.3,81.405,100,84.975,89.095,94.02,93.495,99.92,100,100,100,93.955,100,95.175,99.86,100,59.36,89.595,88.435,0,77.115,80.005,97.955,97.955,68.725,34.045,66.41,79.935,51.125,52.24,100,88.825,100,44.49,75.14,92.18,100,96.4,93.765,82,53.49,100,75.765,87.275,85.455,93.535,100,93.985,96.935,100,88.385,69.055,82.795,86.87,100,67.195,83.5,44.775,97.595,39.575,87.21,53.725,22.25,64.66,87.545,81.765,99.96,,100,100,17.065,100,100,42.93,82.538,58.34,66.015,96.7,97.635,95.31,,94.515,90.615,94.565,100,77.465,100,100,94.835,,100,46.75,96.935,,15.095,,91.2,98.715,100,55.7,91.08,85.58,91.575,94.355,97.355,82.34,94.015,84.92,100,89.08,,96.715,99.765,90.89,93.39,93.585,98.99,97.545,100,100,94.31,94.515,99.585,94.545,100,69.455,100,86.15,76.385,88.44,98.645,,100,100,94.935,76.525,87.135,,100,,97.585,90.12,10.78,,89.045,92.445,69.295,94.695,100,93.59,100,,87.36,100,,91.51,98.09,99.61,91.32,85.4,96.86,99.375,90.15,,99.975,90.95,94.9,95.58,76.09,68.05,64.695,63.08,49.39,56.8,46.14,76.81,64.505,63.41,62.37,54.25,59.44,96.55,88.59,99.925,95.985
Selumetinib,93.775,100,96.145,92.175,100,74.51,100,93.03,99.445,82.1,91.175,91.28,100,100,84.745,92.495,97.355,97.36,100,100,91.21,94.515,97.575,97.715,98.37,93.685,100,90.03,98.94,98.01,100,88.46,93.255,100,96.755,100,96.5,89.845,100,87.66,84.01,90.76,94.295,97.565,100,100,94.085,95.355,100,94.765,88.69,100,100,94.565,94.905,100,74.185,87.75,93.295,100,94.585,100,93.505,93.46,100,99.255,100,100,88.69,99.7,93.77,100,86.87,100,100,100,98.25,100,100,90.725,100,94.37,100,91.155,91.91,100,95.445,94.905,84.29,100,96.055,97.29,97.87,100,100,96.055,100,75.53,100,95.365,100,95.96,98.5,97.305,100,93.155,98.715,98.905,92.815,88.785,99.86,100,100,97.815,99.605,100,100,100,100,97.245,89.555,100,92.43,95.495,100,100,100,100,93.84,90.835,100,100,100,93.335,91.745,100,92.085,92.53,97.805,100,95.945,92.495,88.765,100,97.265,100,100,96.76,96.605,88.79,100,94.635,97.495,100,92.255,91.645,98.905,99.57,98.325,94.015,45.615,67.045,93.495,73.7,94.275,99.985,100,95.24,95.085,100,93.18,87.995,100,100,99.735,98.245,100,87.82,91.59,99.37,98.805,95.23,99.49,100,100,92.08,95.85,91.475,99.86,96.135,100,100,84.28,100,100,92.42,96.115,86.945,89.56,98.455,100,94.945,94.33,98.3,92.025,98.215,100,91.33,100,98.085,96.85,99.055,86.025,96.41,95.12,100,100,100,95.45,94.335,96.47,100,88.22,98.36,94.865,100,98.035,100,100,95.055,99.255,97.56,87.81,95.825,100,100,100,100,92.36,90.44,80.02,92.665,84.66,91.02,100,100,100,92.2,98.175,92.035,97.905,96.715,100,96.29,99.345,99.66,91.935,100,100,95.385,87.705,93.53,100,100,100,99.925,77.27,89.975,100,70.94,98.88,100,100,100,92.36,99.92,91.145,96.505,100,100,97.69,98.065,87.355,92.22,97.375,91.655,82.905,100,100,96.68,100,,92.095,100,100,92.085,100,100,100,89.95,88.445,97.25,99.9,100,,99.045,95.84,100,100,98.395,100,100,95.035,,100,91.43,100,,100,,94.775,91.73,90.92,100,98.78,100,87.55,92.93,94.625,92.955,95.18,82.785,92.26,100,100,92.425,99.735,98.84,95.855,92.65,97.4,89.365,100,100,89.925,89.955,84.06,95.85,100,93.855,90.88,95.97,100,91.065,100,,100,95.655,98.38,87.53,100,,97.865,,100,95.72,88.195,,85.825,100,97.535,100,93.505,100,100,,100,99.62,,95.57,100,100,100,98.93,97.935,97.85,98.755,,92.59,100,90.755,100,97.315,92.135,99.2,97.295,100,97.755,100,94.465,96.915,97.65,100,99.98,93.885,98.76,91.395,81.37,100
Sirolimus,92.005,100,88.685,95.82,100,100,91.55,94.44,91.41,100,100,100,91.855,100,100,87.015,95.26,100,95.51,100,100,100,94.95,94.065,98.94,94.585,94.155,93.035,100,96.625,89.43,100,89.5,100,98.265,100,94.84,100,100,69.645,100,92.64,95.2,93.105,100,100,96.3,100,100,90.985,100,92.895,100,99.54,100,100,88.63,92.185,96.73,97.67,99.6,99.505,100,100,100,100,97.765,96.735,93.855,96.82,82.135,100,100,99.305,100,99.94,100,99.595,88.645,91.435,100,100,82.005,100,92.855,88.76,99.08,94.5,96.9,100,100,96.14,95.52,99.925,100,100,100,95.94,92.895,98.935,90.92,99.63,99.095,97.285,98.28,90.975,96.08,92.53,98.05,99.455,100,100,98.33,94.575,100,100,100,100,100,100,77.735,92.475,98.72,92.905,89.06,100,100,95.975,96.695,100,88.035,92.8,100,92.63,99.965,96.32,99.825,93.64,100,100,100,98.775,100,100,100,89.21,100,100,100,100,99.71,99.53,100,100,97.865,98.235,100,98.51,100,93.925,92.285,100,100,89.47,94.62,99.795,97.655,91.03,92.9,100,89.88,82.24,100,95.865,100,100,91.635,100,100,95.935,97.86,88.045,93.385,77.075,100,100,87.665,98.585,91.38,97.645,100,100,94.15,100,100,97.685,100,95.54,100,100,97.775,100,97.02,98.445,99.49,100,100,100,100,100,100,100,80.23,100,97.715,100,100,100,100,99.51,91.245,100,87.065,93.345,100,95.245,97.4,100,100,88.705,97.665,100,100,95.83,100,100,98.995,100,96.925,100,98.54,93.685,100,100,96.315,89.085,100,100,99.55,98.435,100,100,90.8,97.685,100,87.825,100,100,84.42,99.48,97.065,99.66,100,100,94.955,100,79.395,100,85.07,100,98.205,96.815,94.3,98.02,100,100,100,91.78,100,100,100,99.01,100,95.165,100,100,100,87.1,100,94.705,100,87.165,91.895,100,100,100,99.44,100,99.955,100,86.18,91.045,,,99.015,100,88.355,100,99.72,,90.38,,,100,99.875,100,99.15,,97.975,94.75,98.875,91.135,95.305,100,100,100,100,98,99.675,68.075,98.415,97.515,94.84,99.655,100,86.815,100,100,94.71,100,98.45,,100,100,94.56,94.8,96.915,100,100,97.21,99.26,100,95.015,96.895,100,87.565,92.945,86.825,73.19,86.87,95.97,96.345,95.155,70.49,100,93.355,99.625,97.765,86.815,98.835,100,98.355,100,85.31,76.895,,100,97.045,,100,91,97.17,92.05,95.965,94.625,87.2,100,,85.8,84.02,100,75.86,96.43,98.56,99.375,97.75,100,99.48,100,95.715,100,100,96.5,100,100,100,99.095,95.98,99.48
Sorafenib,68.815,55.56,93.745,99.63,95.37,91.165,100,96.315,100,94.035,100,0.005,100,90.205,91.925,31.49,66.405,97.835,100,91.585,1.455,90.81,99.715,100,93.35,1.755,91.38,94.17,100,100,82.245,100,95.2,95.75,95.56,91.975,99.87,89.53,100,91.425,100,100,100,91.87,100,100,95.59,100,99.745,100,85.94,96.535,89.685,100,95.375,98.265,100,94.78,100,100,98.675,94.265,94.35,100,93.03,100,97.46,88.925,94.715,92.09,95.635,99.055,100,98.285,3.72,100,84.655,100,94.5,84.025,93.605,100,98.44,97.43,75.09,89.545,74.85,90.465,37.465,70.7,94.565,76.295,85.875,95.85,74.005,97.405,100,99.5,97.23,89.75,98.695,94.7,51.07,33.005,65.55,92.39,89.085,10.51,2.65,12.395,1.89,93.58,100,98.08,100,95.41,100,100,98.995,100,100,92.1,89.37,89.19,97.31,100,99.395,80.455,1.47,100,100,91.955,100,96.82,89.61,100,98.34,100,94.86,96.4,97.315,90.94,91.055,99.645,21.625,67.6,59.87,50.185,100,72.005,96.26,65.77,86.95,92.725,97.265,100,100,100,100,97.07,100,97.945,96.935,96.41,94.5,100,100,98.35,100,95.38,96.66,77.735,59.965,56.295,96.965,97.325,100,98.915,89.74,95.7,92.5,100,100,7.955,98.315,88.37,99.655,100,96.795,89.98,95.18,99.715,73.055,99.095,89.765,32.285,39.745,100,95.505,89.36,97.35,100,100,93.59,90.03,100,100,100,100,4.415,19.15,100,98.97,95.805,100,100,100,100,100,97.22,92.685,100,96.895,92.715,100,100,96.615,98.24,100,100,100,100,92.935,81.145,72.515,100,100,99.555,88.225,100,100,97.055,0,6.04,78.765,100,97.965,95.945,100,97.835,100,97.785,95.345,100,98.665,100,98.08,99.67,85.3,100,100,95.99,100,100,100,100,78.735,100,96.935,100,71.785,90.405,19.19,50.145,100,94.53,86.885,98.05,100,59.455,76.815,45.61,94.445,97.375,96.325,98.91,99,100,100,100,100,,99.785,100,90.175,13.765,98.705,93.785,100,93.425,81.805,99.875,100,100,,88.235,100,99.54,92.135,100,99.355,95.375,92.025,,100,97.27,92.465,,5.835,,98.455,100,100,100,97.165,95.775,100,100,20.875,98.2,94.735,97.035,100,100,,99.11,100,100,97.87,94.53,95.46,100,100,100,82.93,82.68,100,99.2,100,100,100,99.145,93.38,88.53,92.83,,100,95.12,93.665,89.19,91.55,,98.33,,100,99.28,74.18,,60.63,90.665,94.88,94.455,100,100,100,,90.195,100,,98.985,100,85.14,100,85.135,100,95.53,100,,100,100,97.245,93.26,3.74,100,100,99.04,95.395,100,100,99.15,94.455,98.785,97.23,99.02,97.135,100,100,66.16,100
Sunitinib,25.393,56.277,81.353,96.017,79.561,90.439,12.317,100,100,100,100,100,2.189,88.401,66.108,41.181,65.216,9.429,12.309,96.634,100,60.954,56.753,56.391,62.998,12.717,38.168,80.363,29.594,91.11,100,66.57,34.439,3.676,39.259,0,50.968,88.728,59.762,67.857,97.306,90.292,91.112,93.887,92.403,86.615,81.992,84.297,92.096,59.801,24.073,20.05,86.373,93.743,15.81,5.046,50.117,33.975,37.837,60.637,35.277,23.781,96.672,66.133,14.344,14.384,100,10.464,97.231,85.879,92.929,50.983,56.56,80.616,22.926,100,29.187,57.354,58.356,62.839,52.084,99.742,86.185,96.487,82.965,85.812,79.877,78.175,38.609,61.989,100,38.215,74.947,96.003,66.736,93.224,88.365,90.046,99.749,28.657,42.676,29.299,36.813,21.583,33.755,89.919,8.09,34.788,1.268,8.666,2.916,88.099,47.395,33.565,100,100,88.393,100,73.891,74.866,93.602,86.674,22.425,30.635,19.309,90.153,35.967,76.184,56.567,61.903,81.041,100,58.084,28.31,28.102,19.189,60.048,64.799,72.881,57.049,65.018,94.915,94.427,89.557,22.09,2.21,6.648,80.983,90.623,21.713,4.21,8.17,36.784,96.68,93.115,90.601,55.359,49.371,34.039,27.711,31.33,11.547,53.173,38.844,12.201,6.557,100,31.085,9.044,69.341,100,24.862,98.022,92.883,94.895,99.231,53.258,47.361,95.097,11.669,19.778,26.884,100,10.945,70.362,97.416,100,78.012,100,89.584,97.738,95.765,96.869,100,91.959,90.823,100,100,100,32.114,94.289,100,93.975,95.236,72.526,75.374,94.402,100,100,15.848,15.247,88.888,4.433,23.787,94.792,100,60.609,86.319,90.276,91.213,100,100,88.061,83.697,95.748,76.981,93.731,12.775,25.563,88.017,96.65,29.964,77.655,81.579,96.272,70.595,94.239,92.409,93.065,100,80.192,24.329,100,2.785,74.61,100,86.613,86.072,93.942,67.325,31.119,45.915,20.516,12.268,95.521,70.696,100,28.016,60.469,38.936,96.485,93.433,91.145,52.597,16.886,74.208,20.303,81.772,40.17,100,22.169,78.663,88.668,65.552,69.72,92.818,100,96.429,64.568,17.239,21.014,4.632,98.11,85.435,41.476,36.73,26.943,27.649,37.928,38.843,92.357,74.33,91.751,96.686,3.373,96.57,100,60.383,88.758,97.096,47.169,100,,,20.387,92.338,91.068,89.456,73.138,,92.288,,,16.946,69.529,77.726,76.699,,11.762,46.629,70.87,100,100,100,44.366,94.155,94.3,99.169,93.646,73.61,83.569,2.395,84.875,3.703,100,88.99,76.313,29.004,51.898,94.389,77.95,,69.88,100,93.423,88.725,93.2,81.872,97.259,96.082,100,15.094,0.877,72.511,90.483,96.842,71.81,87.031,93.468,100,100,26.383,87.47,45.139,93.285,90.161,73.732,88.405,100,93.367,62.052,94.33,93.384,98.633,87.804,,96.478,96.127,,100,96.243,100,86.451,1.681,77.266,81.198,100,,99.231,94.556,95.166,100,50.56,11.544,7.76,10.288,5.406,5.534,6.386,9.639,8.214,8.232,6.775,3.747,8.428,78.808,52.745,81.016,50.549
Temsirolimus,94.025,98.25,89.87,100,100,100,93.08,98.215,91.585,100,100,94.325,100,100,100,89.18,93.535,95.15,97.905,100,100,99.37,99.205,95.945,100,100,97.77,95.435,100,100,87.545,100,94.335,100,95.63,94.845,97.03,92.86,100,67.09,100,96.46,94.04,94.58,100,100,91.075,100,100,94.9,100,91.635,100,96.655,95.715,100,94.53,98.705,94.3,91.42,97.04,100,100,100,100,100,98.015,95.41,97.74,97.355,87.69,100,100,98.985,100,100,100,100,92.455,94.34,100,98.78,85.005,99.005,100,87.85,100,89.995,97.65,97.455,100,96.53,90.71,100,100,100,100,98.95,98.455,100,88.185,100,100,99.73,96.82,91.93,93.385,98.325,97.64,96.41,100,100,100,100,100,100,100,97.71,100,100,86.51,95.115,100,99.195,97.795,100,100,100,100,100,88.445,100,100,99.94,100,100,89.875,100,100,100,100,100,100,100,100,85.975,100,100,100,100,99.42,98.67,100,100,100,95.145,100,100,100,94.615,100,99.175,100,93.945,100,100,98.665,92.09,94.505,100,100,85.36,100,94.605,100,99.865,98.485,95.16,100,97.495,100,100,100,83.635,100,100,93.53,100,99.395,100,100,100,94.715,100,84.885,99.485,100,92.71,100,100,100,100,94.63,99.295,100,100,100,100,100,100,96.88,97.975,93.015,100,100,94.77,100,100,100,95.81,95.135,100,86.155,100,100,93.1,98,100,100,91.74,100,100,100,94.15,95.215,100,100,100,99.755,100,100,99.135,100,100,91.385,92.43,100,99.855,100,97.47,100,100,93.88,100,100,100,100,100,89.055,96.57,100,96.79,97.79,100,98.89,100,85.62,100,86.605,100,98.49,100,100,100,100,99.44,100,96.735,99.58,100,94.64,100,100,96.63,100,100,94.58,100,100,89.95,100,85.935,100,100,100,100,99.035,100,100,98.455,93.09,93.745,,,100,100,87.805,100,95.32,,91.345,,,100,98.94,90.945,99.525,,96.08,99.22,98.88,90.935,88.8,100,98.49,91.76,95.465,100,100,81.96,97.72,100,92.595,100,100,89.67,92.88,100,98.28,99.56,100,,100,100,96.865,96.095,90.9,99.335,100,98.07,92.975,100,95.155,90.55,100,88.335,93.615,89.67,63.37,89.655,94.76,97.925,99.935,74.125,93.75,97.795,100,88.735,70.755,95.195,100,100,100,95.2,74.72,,100,96.195,,100,88.495,100,89.99,96.92,96.8,84.05,95.905,,84.13,86.36,100,74.325,100,100,99.16,100,100,98.86,100,98.31,96.945,100,100,99.31,100,100,99.255,100,100
Tenalisib,97.425,94.43,88.035,100,98.66,82.51,54.79,92.135,100,88.16,89.08,97.14,90.61,86.64,95.205,88.08,89.06,70.655,69.15,65.225,92.57,95.19,99.83,100,67.19,79.97,100,89.525,61.02,100,86.605,97.175,96.585,96.9,95.985,100,96.6,97.945,100,94.16,92.71,90.475,83.325,88.845,96.34,90.255,98.775,100,90.375,92.72,96.535,100,100,100,100,100,100,100,100,100,88.63,97.405,95.015,91.22,88.05,95.635,100,87.04,85.245,98.62,100,83.83,96.595,94,63.68,100,92.765,99.445,100,94.375,99.6,92.48,82.93,91.56,100,92.905,89.32,100,100,95.735,100,89.86,94.68,95.47,91.485,90.39,84.59,83.935,95.665,92.705,100,100,6.785,4.01,1.965,16.115,73.845,79.85,23.22,51.29,77.51,95.755,89.195,100,97.32,100,100,97.83,92.735,97.92,81.395,88.1,98.455,82.78,91.425,99.935,100,100,94.08,100,100,95.685,92.585,96.72,100,98.225,95.01,97.17,3.595,6.195,44.88,100,100,94.245,87.505,96.58,69.325,45.645,97.36,81.12,88.49,72.92,99.01,90.59,93.3,95.86,98.36,100,99.8,99.715,95.115,96.465,90.575,100,96.19,97.155,99.155,100,96.76,94.095,66.015,48.005,100,100,98.555,97.07,94.51,96.625,100,96.725,99.115,100,100,73.95,96.38,100,94.375,97.085,100,100,99.37,95.565,99.865,100,100,100,93.975,100,100,100,100,89.96,88.285,93.29,89.72,100,94.025,98.985,100,87.145,68.755,95.845,92.16,96.73,100,100,92.76,100,100,95.015,87.645,93.62,100,94.92,93.925,84.865,97.91,100,89.565,96.855,100,100,95.19,89.21,98.94,100,96.57,92.69,100,93.38,94.035,89.655,80.06,1.495,91.34,100,100,99.29,100,12.555,100,98.55,96.215,83.385,100,91.975,100,86.11,68.395,89.24,97.805,100,100,100,96.92,90.8,100,100,100,100,100,99.925,98.785,100,100,86.65,97.03,93.205,95.725,40.98,4.685,1.93,97.205,79.55,100,47.74,85.225,100,91.485,96.49,93.355,,100,100,61.925,100,95.37,98.67,87.665,100,86.22,97.41,100,89.435,,93.27,99.625,95.445,94.89,99.9,93.54,100,95.325,,94.25,97.07,94.67,,26.625,,93.985,100,93.82,95.2,79.96,86.12,85.125,99.225,99.895,95.01,88.895,100,86.995,88.29,,99,92.24,100,82.405,92.625,92.315,100,98.85,100,100,93.875,98.625,93.31,96.615,97.4,90.66,100,93.66,100,94.625,,94.385,93.6,90.01,91.605,95.19,,96.175,,93.735,100,79.665,,96.89,93.37,95.05,72.595,89.655,100,100,,93.23,96.11,,93.105,100,98.355,85.035,95.32,98.2,96.29,90.745,,98.13,100,98.345,92.68,95.32,94.89,98.55,91.225,93.865,94.23,91.79,92.925,97.555,95.685,100,92.52,97.895,98.16,100,100,100
Tepotinib,87.025,93.56,100,98.98,88.55,100,75.08,100,95.62,94.79,99.5,92.65,100,85.69,88.395,92.925,97.13,30.42,100,90.765,99.185,98.78,96.55,96.48,98.48,87.575,97.455,4.85,91.965,100,100,97,76.57,99.355,94.87,94.09,99.765,87.32,100,97.32,88.945,95.74,86.675,91.065,97.575,91.75,95.56,99.245,100,91.615,99.6,100,90.935,87.03,100,95.755,100,100,93.925,98.21,100,100,97.005,95.905,83.945,100,92.795,95.93,100,93.925,97.72,100,91.41,98.165,93.165,97.66,100,100,100,96.04,98.56,97.105,100,99.72,96.745,91.915,100,97.31,100,100,100,100,100,91.845,93.075,97.34,100,88.5,89.86,98.7,99.805,92.64,37.74,27.445,50.175,50.76,94.29,71.77,83.32,71.485,86.8,98.36,100,100,100,96.32,100,100,92.012,100,92.175,81.26,91.255,96.645,100,99.135,100,100,90.03,95.875,100,97.37,100,89.365,27.37,27.255,100,100,93.94,97.805,97.99,100,94.13,92.24,92.915,98.31,80.145,100,96.85,94.625,92.625,75.12,98.495,100,94.74,100,95.1,100,94.815,99.43,90.57,100,95.61,100,49.65,96.165,99.075,96.095,94.085,98.255,98.445,100,100,99.135,98.89,94.635,100,100,97.175,88.83,85.76,94.14,95.8,100,100,100,100,98.955,100,100,100,95.405,99.42,99.25,100,94.865,99.715,100,100,100,100,100,97.255,100,100,100,100,91.685,100,91.865,95.425,100,99.165,96.37,93.855,100,100,100,100,93.945,96.92,100,100,97.405,92.835,100,82.705,100,86.325,91.75,98.13,100,99.47,96.165,95.6,100,100,97.215,100,97.13,100,96.19,97.21,91.24,98.99,96.72,98.305,98.31,91.285,100,99.74,93.015,99.47,96.41,100,100,93.96,100,88.525,100,100,100,100,88.67,100,100,84.78,100,69.46,100,90.9,100,100,98.385,97.535,97.155,91.495,99.365,100,82.275,66.895,13.81,100,93.025,84.655,94.76,98.2,96.905,100,81.645,81.44,,100,93.97,85.66,100,100,100,93.58,100,74.94,100,94.84,96.15,,86.295,100,92.22,100,98.945,100,98.685,95.36,,96.035,100,100,,83.975,,95.1,100,100,98.17,81.265,94.83,92.945,93.23,97.79,94.02,96.455,93.935,94.95,96.375,93.85,91.81,100,96.58,100,86.86,100,100,100,100,100,100,85.565,95.735,100,100,98.74,96.81,91.235,91.54,99.55,,97.4,88.885,93.895,87.775,97.21,,100,,94.565,91.22,100,,100,98.095,93.4,98.035,88.375,95.225,100,,99.075,97.405,,94.245,100,93.33,93.72,81.7,99.945,89.875,100,,100,99.67,99.105,100,100,100,100,100,100,100,100,100,100,98.07,100,100,95.43,100,92.935,86.435,100
Tivozanib,4.165,5.14,41.065,87.895,100,100,93.28,100,100,100,100,74.275,73.395,81.875,25.18,5.59,17.05,27.21,5.81,46.855,58.185,2.78,96.18,100,72.065,0.56,48.505,2.35,15.27,92.69,92.98,95.5,100,100,98.285,96.465,100,92.705,80.92,100,100,100,94.02,98.54,86.21,97.655,100,100,88.895,96.13,94.88,96.34,88.935,100,99.545,67.195,89.355,93.46,35.455,92.7,83.105,93.72,100,100,100,100,90.715,81.445,92.445,38.065,100,90.77,97.31,95.945,0.73,100,97.47,87.255,100,88.715,88.025,96.41,81.55,82.225,7.365,30.585,16.255,12.445,1.655,16.675,55.7,4.64,2.01,54.88,5.665,98.025,71.42,88.56,85.99,89.045,67.56,87.425,34.79,24.48,37.255,62.495,3.41,2.445,24.345,0.715,1.425,2.825,32.47,48.535,96.63,94.01,95.305,100,84.245,99.535,97.6,98.925,100,2.855,50.59,92.71,94.425,100,29.26,86.885,77.945,93.51,89.28,88.06,100,74.38,97.755,100,80.19,22.51,91.865,89.255,96.58,93.725,0.705,12.34,2.465,71.91,100,3.815,70.725,0.725,7.93,100,85.105,96.995,99.695,94.105,94.93,93.075,37.135,25.51,100,100,93.175,60.625,100,100,92.68,98.85,89.42,73.345,93.51,93.965,90.595,85.995,90.49,100,93.285,79.665,84.275,100,98.895,43.44,85.645,92.03,100,82.79,84.465,99.57,100,91.285,94.055,75.02,98.46,42.945,35.915,93.955,97.44,88.755,94.07,100,94.38,100,100,95.15,96.74,91.68,91.02,3.06,4.175,89.52,92.02,97.49,100,97.53,96.485,94.71,100,92.915,96.685,90.295,95.99,99.56,94.21,93.135,100,73.835,92.845,87.795,91.555,95.475,100,96.35,100,93.445,100,99.66,100,100,98.37,73.035,32.44,0.26,17.3,92.055,95.99,77.67,44.66,15.975,100,95.945,84.505,94.55,100,90.91,100,75.325,10.685,98.825,14.85,96.215,97.05,100,93.495,100,76.17,96.115,87.685,100,100,88.48,88.185,100,100,90.33,86.5,67.085,100,14.345,15.495,3.865,68.94,82.09,70.805,85.16,69.19,81.185,94.8,87.32,94.3,,92.595,78.555,15.605,77.235,95.115,68.055,98.597,100,89.905,95.83,99.665,88.78,,91.765,91.93,92.645,100,92.825,96.17,100,94.525,,96.805,95.62,91.835,,2.9,,94.785,100,96.315,30.11,93.71,66.575,96.825,91.515,87.255,99.49,85.755,47.235,100,60.34,,95.675,100,94.8,85.96,87.115,99.915,100,98,100,91.05,70.715,92.16,95.9,100,100,100,79.85,93.615,79.98,90.71,,95.76,99.385,95.005,80.115,85.895,,100,,98.635,96.065,54.81,,99.055,94.915,77.32,90.61,100,93.475,100,,82.68,100,,93.86,96.325,96.915,94.225,8.46,85.195,93.87,92.61,,98.735,95.13,97.07,82.745,35.82,98.84,99.18,92.275,100,95.24,88.82,100,94.99,93.54,97.06,94.245,94.98,98.765,92.74,95.655,98.26
Tofacitinib,99.62,93.68,94.01,97.21,100,100,98.72,96.55,93.715,89.2,96.25,94.52,88.36,91.455,99.23,93.435,90.495,100,96.475,95.93,100,100,94.73,88.385,99.565,100,92.005,100,100,100,99.51,100,94.465,100,98.935,92.35,83.785,99.14,100,67.025,95.62,99.465,90.99,97.05,92.955,100,90.335,94.375,100,100,96.2,91.865,91.23,77.395,100,100,99.665,74.855,96.61,92.425,86.19,97.765,90.515,100,97.28,98.115,87.59,95.285,99.74,100,99.175,90.67,91.48,100,100,97.4,93.83,99.65,97.44,92.31,97.895,97.08,87.32,100,96.63,90.92,83.07,99.37,100,95.5,100,92.915,97.315,96.08,100,96.7,100,90.145,97.96,95.495,96.165,100,91.905,95.74,97.045,98.725,94.955,91.955,93.555,98.63,100,100,96.215,90.315,99.64,98.7,100,92.865,100,99.26,89.54,100,83.48,89.145,98.22,88.695,100,90.405,92.82,100,100,100,86.865,100,94.215,89.545,91.35,92.36,4.755,7.71,1.77,93.595,98.87,100,100,99.46,95.7,89.38,100,97.935,82.16,83.05,100,100,100,100,91.205,91.31,92.625,91.36,100,97.385,100,87.64,90.265,95.565,98.13,93.155,92.695,94.8,95.415,89.97,96.95,91.205,100,95.98,100,100,100,87.145,97.105,100,100,79.775,100,93.405,97.62,88.56,98.375,100,100,99.39,100,99.425,100,82.415,100,97.325,100,94.37,100,97.34,93.54,94.55,94.595,96.04,98.77,99.6,99.1,100,100,82.72,94.755,83.855,99.95,100,100,92.21,98.535,90.67,88.25,99.135,79.325,98.95,87.885,100,87.58,92.065,92.8,88.89,100,96.415,93.555,87.43,82.48,44.23,81.515,100,100,82.88,100,88.43,100,93.38,98.775,100,91.64,92.65,100,90.535,100,99.2,100,98.065,94.47,92.27,100,96.675,91.345,90.29,91.42,100,100,100,93.8,100,99.94,80.91,84.665,100,85.225,100,99.31,97.165,100,99.63,84.685,100,100,93.11,97.725,98.82,98.76,100,100,18.985,100,96.93,100,99.075,80.26,86.415,99.5,98.26,97.525,91.305,99.695,100,100,100,95.215,100,,,95.03,96.51,83.12,92.715,98.995,,89.53,,,97.47,100,100,100,,100,100,92.085,89.63,86.26,100,100,86.225,100,100,94.38,96.585,95.69,100,93.125,98.995,100,94.075,96.415,90.15,90.22,100,90.665,,96.725,100,95.06,92.59,91.805,100,100,100,100,100,100,100,100,100,97.56,96.5,64.83,100,100,91.095,97.595,80.695,90.35,98.225,88.675,99.005,96.22,100,99.89,100,100,100,100,,100,94.335,,84.415,99.36,90.705,100,95.015,69.855,100,100,,98.38,98.975,100,100,99.7,100,100,96.51,100,90.905,95.7,98.905,98.795,100,100,93.715,91.875,100,100,89.12,92.185
Trametinib,96.46,97.4,91.06,100,100,100,100,86.005,91.6,100,100,95.03,100,100,92.75,91.305,79.635,100,96.25,99.635,87.025,100,98.315,94.64,100,98.31,98.775,100,100,100,100,100,97.64,91.15,97.73,100,93.035,100,97.19,63.375,98.12,92.855,98.79,97.07,94.755,100,92.005,96.83,100,100,76.73,99.48,91.83,88.69,97.515,98.38,84.32,81.63,100,92.04,85.35,100,89.07,100,100,100,89.555,100,75.91,100,95.395,89.415,96.285,100,100,89.795,96.42,100,96.895,95.465,95.075,100,85.565,100,92.49,92.43,83.475,88.46,100,96.915,99.655,96.25,94.66,100,100,92.385,100,94.05,100,98.815,95.975,100,89.98,100,90.275,94.115,89.445,92.595,99.015,100,100,100,95.58,94.06,97.67,100,100,97.85,100,100,78.455,100,84.055,100,100,100,100,89.17,89.82,93.93,100,100,89.435,100,100,92.335,98.12,75.565,100,98.62,92.735,94.215,100,100,100,99.81,96.84,90.975,100,92.935,100,81.02,100,99.37,100,100,100,93.125,100,96.725,1.285,6.865,100,82.82,93.93,93.92,91.58,99.49,98.78,97.61,100,86.84,100,99.535,100,100,100,100,94.915,87.585,99.965,100,99.155,77.175,96.365,90.43,97.85,92.295,100,99.245,98.7,100,100,98.84,98.84,82.735,100,100,100,96.04,91.485,100,94.96,95.635,95.74,100,100,94.61,94.81,100,100,89.51,100,81.58,100,100,99.345,100,100,97.815,91.38,100,98.58,100,100,100,92.005,89.32,88.1,88.975,99.24,99.76,100,92.255,74.28,100,93.7,96.315,100,82.385,97,83.965,86.765,96.87,100,90.67,88.725,97.59,100,85.745,100,100,100,96.955,99.235,97.375,100,100,88.96,99.015,91.245,100,100,100,96.29,100,90.465,94.805,82.035,100,87.04,100,100,100,100,96.215,100,100,100,94.365,95.54,100,100,100,98.825,100,100,100,97.81,100,90.545,89.68,100,95.83,99.25,99.405,97.525,90.135,100,100,96.995,100,,,96.085,95.77,87.405,93.395,99.68,,95.605,,,100,100,100,100,,100,100,100,88.655,100,100,100,84.98,100,100,91.575,91.595,100,94.795,94.895,100,95.24,100,100,92.77,89.47,100,89.645,,99.095,98.86,89.425,97.625,98.785,95.66,100,99.915,97.215,100,96.18,97.87,96.96,93.44,99.935,100,60.02,100,100,100,100,85.87,96.185,96.485,94.395,100,100,100,100,94.115,100,100,100,,99.935,87.635,,94.17,96.155,95.71,100,91.81,100,100,97.795,,86,79.94,95.695,100,97.15,100,100,100,100,87.29,99.12,100,100,100,100,95.025,96.21,100,100,98.735,100
Tucatinib,92.57,97.595,97.06,98.23,99.28,100,92.46,90.95,87.88,95.875,92.495,88.125,100,87.6,71.6,86.34,100,100,100,99.47,98.335,100,100,99.87,96.69,97.92,100,100,97.125,98.615,100,96.775,90.61,95.155,92.655,94.215,94.03,85.91,93.01,100,94.65,85.72,99.33,92.05,97,83.64,84.375,98.305,97.23,93.51,100,94.21,91.375,90.48,100,100,100,100,90.895,100,97.685,100,98.225,93.815,98.53,100,100,91.665,81.085,100,96.22,100,89.02,100,100,100,93.48,100,100,100,93.535,100,100,88.28,100,100,100,100,97.595,95.79,98.865,98.67,97.74,94.715,95.59,93.155,100,92.78,93.16,85.36,92.49,95.685,97.3,100,94.92,93.685,91.09,88.555,96.32,100,96.32,100,98.055,100,97.665,96.37,100,97.71,91.015,100,99.76,94.5,92.715,95.975,100,100,97.305,100,98.235,99.005,100,95.79,92.66,100,100,100,92.205,100,7.285,66.385,93.505,100,97.78,89.135,100,94.945,87.955,99.415,100,97.875,85.05,88.115,98.42,98.76,98.45,100,94.77,95.555,91.34,91.455,88.885,100,100,99.525,88.81,99.055,100,100,91.545,93.945,91.05,95.22,96.18,95.165,97.99,98.305,94.71,99.47,96.625,88.615,100,100,99.85,100,100,93.16,100,100,100,100,100,91.95,100,89.62,91.58,100,100,100,96.845,100,100,100,100,93.755,100,90.695,100,94.45,100,91.195,100,100,100,99.09,92.595,100,94.65,99.835,94.045,100,90.4,93.6,100,100,94.8,89.25,82.67,100,95.535,94.615,100,87.375,100,98.66,93.745,100,100,91.34,97.6,96.185,94.785,100,99.785,92.49,100,97.785,99.555,100,92.645,86.99,99.81,96.98,88.23,90.125,99.065,100,100,97.91,89.84,92.505,95.41,88.085,99.155,92.57,94.67,100,100,79.54,100,96.75,92.005,100,100,85.185,100,88.885,93.455,100,100,100,83.615,95.2,100,90.65,87.425,70.47,100,100,100,86.94,87.91,,99.37,82.795,100,100,100,100,100,100,100,100,94.435,88.69,,82.3,100,92.66,100,88.465,97.365,90.03,97.89,,93.19,97.615,97.62,,100,,87.67,94.815,97.445,99.085,92.51,98.11,90.32,100,100,99.755,92.995,100,97.68,100,92.17,98.905,100,100,100,91.31,100,100,94.145,94.48,98.2,100,82.44,94.22,100,99.715,100,95.11,93.85,91.525,92.235,,100,94.175,89.455,92.575,100,,98.845,,99.985,99.3,100,,64.05,93.865,99.87,94.755,93.255,100,100,,100,100,,92.465,97.505,99.725,94.65,96.52,95.815,100,97.675,,97,98.68,97.33,89.95,100,100,92.42,98.325,100,100,100,95.68,94.725,94.43,100,100,96.92,100,89.14,96.805,99.91
Umbralisib,74.19,44.165,93.77,89.615,100,74.055,99.915,100,97.085,89.66,93.5,15.08,93.04,100,75.135,100,82.705,100,96.665,92.405,34.71,88.94,92.18,88.535,100,5.54,99.5,98.535,92.75,97.065,100,92.09,100,100,99.455,99.77,92.815,97.96,100,92.24,79.07,90.765,91.61,93.795,100,100,88.215,99.06,98.66,91.675,93.855,100,100,93.52,93.035,96.56,88.485,100,44.415,100,82.39,100,93.955,95.835,99.2,100,100,100,96.055,86.005,100,100,85.065,100,20.225,100,93.565,97.69,98.63,95.25,97.605,97.25,98.815,88.415,48.97,87.625,67.63,80.355,73.005,93.175,81.38,59.985,62.865,97.625,56.195,97.55,100,81.395,100,92.585,100,94.59,73.105,65.845,98.565,89.93,83.35,52.16,69.16,42.19,25.145,98.68,83.84,95.7,99.545,100,100,100,100,89.565,94.195,100,92.425,74.995,88.02,98.73,98.985,99.15,32.97,89.52,100,100,88.195,98.62,91.825,95.855,87.97,96.665,3.61,3.845,32.915,56.905,79.995,74.6,32.165,96.87,38.06,95.715,92,74.325,96.115,34.505,76.75,96.455,88.785,98.83,97.105,90.7,100,90.735,87.495,81.905,98.62,100,100,99.425,98.165,100,76.9,100,78.245,76.43,92.795,100,100,96.71,100,90.09,83.665,98.45,90.665,100,93.625,94.18,100,96.85,88.05,95.415,98.18,88.995,94.39,93.46,84.995,100,100,55.43,73.89,91.86,84.79,95.225,99.205,98.335,91.15,97.895,96.295,100,100,93.775,100,61.66,53.365,95.285,86.245,90.915,91.35,99.815,97.18,99.55,95.8,80.595,89.05,88.92,81.09,100,92.22,100,100,100,100,94.855,99.835,92.835,88.335,90.92,99.155,93.095,100,92.3,90.815,92.05,87.25,92.585,0.24,71.265,100,92.515,95.155,92.66,95.5,92.395,90.98,93.42,98.35,100,100,97.7,100,97.1,93.35,81.475,91.615,95.705,100,100,100,100,73.17,66.89,97.395,76.58,94.42,86.175,24.625,75.65,85.13,100,95.135,100,100,59.21,92.87,80.495,83.89,90.705,100,37.76,84.72,98.73,99.25,98.905,88.695,,93.445,100,84.99,28.08,100,86.855,100,62.865,89.265,100,98.865,100,,91.6,93.03,100,97.545,94.34,100,100,93.795,,100,90.7,96.37,,76.22,,91.49,87.8,92.35,93.065,97.935,94.59,79.1,96.15,99.515,100,92.165,84.96,99.27,91.27,100,93.26,100,97.685,100,82.845,95.51,84.015,100,100,90.3,91.49,80.79,97.26,100,91.415,95.76,93.985,97.52,90.52,100,,100,91.405,90.945,86.34,92.37,,100,,100,95.04,89.835,,79.135,100,76.73,95.13,98.97,100,95.64,,97.08,100,,75.015,100,100,91.29,93.695,92.06,95.935,92.185,,81.025,97.78,97.505,100,4.055,93.455,91.235,95.975,95.98,90.8,96.465,97.355,94.915,98.465,91.125,94.4,86.94,100,89.275,82.49,100
Upadacitinib,84.715,48.105,56.885,98.635,100,100,92.835,97.125,100,100,97.245,35.1,44.38,92.015,23.3,58.075,69.46,98.31,85.735,85.69,50.39,91,98.235,86.09,89.785,17.105,100,94.015,93.68,82.46,100,85.215,93.445,55.17,88.005,53.765,100,90.915,100,95.88,95.475,93.66,68.57,94.585,96.97,100,98.57,100,90.31,100,99.07,100,98.435,89.79,95.205,100,100,98.855,95.555,97.395,90.5,95.9,100,99.91,100,97.36,100,88.005,94.555,90.25,94.62,81.21,93.915,71.975,32.59,96.62,100,93.21,100,97.345,100,96.13,94.915,94.96,57.65,98,71.14,84.47,95.48,97.985,88.16,71.785,72.11,91.48,66.125,100,98.255,89.25,97.08,99.455,96.33,92.735,60.385,57.51,84.18,74.335,82.765,61.35,30.35,55.315,38.875,97.235,66.215,89.165,100,100,96.02,99.165,100,42.76,100,100,93.265,80.68,97.165,97.905,100,99.995,42.79,100,85.025,100,99.98,93.61,100,100,98.83,100,2.65,1.715,2.475,75.12,93.49,82.285,41.895,92.465,45.1,50.83,100,82.68,26.715,48.725,86.65,100,97.91,93.59,70.425,42.845,39.92,48.375,96.91,89.71,99.19,94.405,100,100,98.405,88.585,84.255,100,76.425,83.845,77.34,96.905,87.565,77.785,100,100,95.22,92.24,83.78,91.14,98.48,80.09,100,100,100,100,100,96.42,92.775,100,94.38,97.24,95.665,63.4,79.305,97.52,90,78.915,94.39,99.025,100,97.43,89.3,96.75,94.62,99.205,100,66.205,57.98,96.5,81.955,95.515,96.42,97.795,100,94.265,100,15.29,44.915,16.73,21.855,43.72,51.995,24.655,95.005,89.83,94.66,59.31,98.74,100,90.65,88.89,99.55,47.295,100,94.585,92.88,96.92,89.25,71.33,0.105,60.35,99.855,99.64,52.63,60.395,99.635,46.15,89.65,82.735,75.9,78.64,91.225,100,100,57.46,85.045,46.3,100,100,97.975,97.25,46.075,95.4,98.75,9.205,91.995,100,96.275,85.005,32.34,94.91,96,96.87,95.315,95.485,82.665,64.805,47.82,30.015,97.52,96.765,83.755,2.885,90.36,86.475,100,74.745,94.42,,98.39,96.565,77.85,41.6,94.235,100,98.32,98.15,100,100,93.875,93.39,,93.66,90.235,99.495,89.99,41.035,98.45,94.09,99.465,,92.715,90.175,90.775,,50.54,,47.455,99.685,95.29,96.75,100,95.91,92.125,97.89,93.29,93.35,100,91.835,61.13,100,98.285,91.635,84.335,94.36,95.34,81.36,93.545,96.82,100,100,100,97.25,98.955,86.015,99.145,100,98.12,100,96.15,100,100,,98.715,100,88.36,90.81,97.225,,87.535,,95.25,94.505,50.425,,90.835,94.445,67.2,83.125,93.18,99.925,96.98,,97.9,100,,8.82,99.435,98.895,91.935,95.475,76.21,96.22,100,,98.31,98.4,94.585,96.905,6.595,68.33,75.88,73.285,64.55,71.05,65.71,76.63,73.97,69.75,73.4,64.905,71.845,95.25,100,86.975,98.515
Vandetanib,4.267,11.048,91.094,94.026,90.324,100,89.34,71.515,87.594,100,100,63.961,90.077,99.498,100,84.624,93.986,81.144,7.194,71.019,76.021,4.65,100,100,16.237,47.97,35.297,75.452,5.834,100,94.403,96.429,95.503,93.326,99.043,85.975,100,92.316,98.613,100,95.948,100,94.797,96.656,96.276,93.016,99.419,98.127,100,100,85.828,95.877,100,98.806,80.342,41.667,100,100,89.442,100,89.364,93.15,100,91.512,100,100,100,93.395,93.98,33.961,90.616,94.642,100,93.759,1.493,100,93.313,100,100,96.942,99.651,98.813,0.678,30.026,13.133,46.986,17.883,30.649,2.742,32.05,23.961,11.851,29.093,90.987,12.183,29.327,14.382,93.953,98.265,100,100,87.6,16.082,9.178,59.421,91.011,11.984,11.378,33.57,5.156,66.784,72.609,24.353,89.387,100,100,100,100,98.831,100,99.77,95.017,95.878,14.09,90.42,100,100,100,87.804,97.422,97.904,99.028,100,93.096,84.192,13.11,99.88,100,98.375,100,100,95.226,98.585,93.616,5.479,38.282,1.076,90.315,99.727,6.21,80.478,2.009,19.854,97.956,95.219,100,96.938,100,96,99.879,95.208,78.642,94.371,100,98.344,56.197,100,100,88.767,74.962,93.317,81.959,35.519,73.437,92.515,100,92.49,94.396,97.472,100,94.184,92.851,100,80.015,97.198,97.76,92.741,95.198,100,92.701,97.615,99.804,100,94.566,100,83.999,95.356,100,100,92.284,100,100,93.4,96.355,100,94.095,95.16,96.573,87.745,18.012,64.274,100,48.239,93.174,97.353,100,100,96.499,91.222,91.765,95.212,88.153,90.463,93.169,100,97.233,91.424,92.308,88.677,90.693,96.529,95.147,94.074,96.701,95.036,100,91.669,92.953,100,96.398,97.122,98.126,86.41,1.428,34.623,94.411,91.996,100,100,78.983,100,92.59,92.946,95.536,100,95.99,89.666,13.215,60.244,92.527,98.23,95.752,99.829,95.985,95.511,100,92.71,92.834,100,100,100,100,100,95.429,91.421,82.955,97.711,45.604,100,100,100,66.987,100,39.405,62.536,100,30.919,94.718,97.71,92.959,88.832,89.961,96.826,90.602,4.78,91.202,96.294,96.326,96.41,100,90.549,100,,,89.961,94.392,100,100,94.636,,99.277,,,83.985,100,100,98.676,,1.502,91.599,93.559,100,93.491,100,97.885,85.544,100,88.285,97.045,82.489,86.06,93.321,95.347,100,98.714,96.485,97.172,100,99.512,100,100,,100,91.615,86.066,95.618,93.127,95.58,100,100,100,100,88.593,85.371,91.199,100,100,90.185,94.571,100,100,5.617,90.255,85.31,93.66,95.498,73.318,60.777,97.757,100,54.5,72.518,94.269,100,91.321,,99.322,83.409,,98.071,94.825,100,94.385,44.685,89.066,99.173,100,,90.129,93.723,96.805,100,93.711,100,90.734,87.76,89.647,88.623,95.037,96.121,91.691,89.535,98.053,92.913,91.143,100,98.089,98.553,95.512
Vemurafenib,37.555,58.055,14.4,89.935,92.775,100,100,59.69,100,100,98.85,3.07,76.865,100,34.09,55.32,48.945,82.31,12.19,55.545,7.165,1.99,94.395,98.575,77.695,36.44,86.305,27.32,38.56,97.69,83.7,95.38,94.99,97.015,96.475,88.2,98.165,99.13,83.84,60.63,57.345,42.2,45.73,67.795,82.945,95.7,66.91,30.855,47.825,73.145,79.905,75.025,85.89,89.96,92.01,95.865,100,90.815,85.54,91.68,98.79,91.03,95.245,88.385,76.37,88.58,100,75.23,100,40.88,100,100,100,92.7,10.625,93.42,100,91.19,92.475,92.3,99.625,100,86.745,87.315,91.455,89.235,94.365,100,69.83,92.67,92.095,90.995,88.755,98.88,81.935,100,76.39,94.7,86.005,98.435,100,84.48,75.05,68.055,81.765,95.04,6.41,71.025,53.23,59.23,66.08,42.285,45.3,34.48,99.875,100,92.395,99.985,100,95.69,54.01,40.07,89.13,39.965,29.66,100,100,99.74,100,80.485,76.49,92.045,100,67.72,96.795,100,80.375,100,14.49,73.85,96.36,26.175,88.925,66.705,69.565,1.675,1.625,22.445,98.69,83.85,53.25,22.625,42.875,90.71,93.08,92.455,100,100,98.57,84.1,22.19,1.93,100,100,92.665,23.36,100,90.03,10.445,68.495,59.71,36.33,33.015,66.565,80.29,90.675,88.305,92.255,95.905,11.015,55.55,100,94.625,71.805,78.765,100,36.03,51.9,100,77.405,100,92.35,54.175,94.095,96.38,57.8,81.875,100,100,100,98.115,89.91,70.62,60.09,87.97,93.115,100,100,100,36.315,64.045,94.295,75.68,90.63,96.955,85.32,100,95.56,93.535,82.245,99.315,93.75,79.55,90.09,99.845,99.065,100,86.73,86.675,94.445,99.875,100,100,81.665,100,100,100,100,85.55,100,100,96.7,4.8,60.95,53.445,100,98.805,99.415,99.3,84.35,96.595,100,87.89,81.01,100,86.35,100,74.025,25.88,82.245,4.655,93.37,87.08,85.49,91.315,80.155,71.405,96.365,69.03,100,92.675,82.055,72.445,96.88,100,99.07,13.645,100,80.82,92.6,100,85.635,100,54.69,100,34.68,100,100,100,40.915,91.57,79.22,65.3,11.545,25.305,7.085,89.47,100,22.88,76.005,93.495,100,,,88.93,71.6,52.705,65.83,54.305,,66.96,,,89.165,77.54,94.29,96.965,,33.585,50.86,61.535,52.93,96.14,84.73,81.205,55.225,62.715,98.57,83.24,60.72,91.78,20.155,93.53,31.585,97.055,80.8,98.845,61.095,38.065,18.495,47.92,,100,88.735,5.555,91.065,100,42.01,100,100,98.49,75.93,4.23,49.64,82.19,71.865,88.065,100,95.135,100,87.075,30.285,98.08,50.635,90.645,89.345,52.96,5.535,67.26,100,33.27,86.315,95.915,100,71.68,,100,100,,86.43,75.875,89.615,88.575,5.63,90.395,94.745,100,,79.595,75.06,100,27.665,25.495,90.97,87.57,86.485,92.405,88.64,83.515,65.24,81.005,74.455,75.54,75.815,83.91,93.65,56.285,57.365,81.285
Zanubrutinib,94.025,83.99,74.38,95.215,97.315,100,96.635,100,91.055,93.04,98.125,92.345,100,89.56,95.6,100,86.35,94.685,0.89,0.735,100,6.6,96.11,89.88,2.59,100,100,97.125,56.315,96.22,100,100,91.675,99.43,94.25,90.325,99.125,82.055,95.355,100,96.44,99.775,99.8,90.765,98.205,86.485,88.22,98.885,100,91.99,96.28,99.64,100,97.83,100,94.105,100,100,90.875,100,100,95.755,100,94.245,98.73,100,95.1,100,100,36.01,87.36,95.175,98.435,99.86,100,100,94.87,98.96,100,100,100,100,11.81,96.09,100,96.42,100,100,91.115,100,100,100,100,100,100,52.795,0.375,89.96,99.85,100,95.64,95.36,92.605,93.275,93.4,96.165,11.59,92.925,52.185,95.945,100,53.06,49.315,100,96.32,98.105,100,94.875,87.77,100,98.18,99.515,94.095,57.69,96.68,100,99.735,100,87.44,92.31,100,94,99.495,99.87,100,100,100,25.45,100,98.38,69.27,100,100,90.68,98.265,100,12.675,93.195,88.12,95.3,93.625,49.69,70.155,97.73,99.985,100,96.8,100,100,100,45.855,10.125,98.26,100,98.01,100,97.315,97.265,93.68,97.9,89.61,100,98.23,96.4,95.18,95.505,97.54,100,100,100,81.255,100,100,98.29,96.03,100,100,97.085,100,100,96.995,98.765,100,69.985,98.53,97.78,100,97.155,100,100,100,99.315,97.435,94.935,100,93.555,93.91,86.4,100,100,99.755,100,100,88.79,99.34,97.035,100,100,91.81,95.44,99.315,95.46,99.79,99.765,95.27,99.95,100,89.735,80.335,99.41,100,99.02,100,91.975,99.435,100,100,95.18,92.255,97.7,95.3,96.91,97.68,88.095,100,99.92,98.28,100,95.7,89.19,99.535,93.9,99.515,98.065,100,100,99.67,100,82.86,95.405,45.975,93.29,100,99.615,100,93.995,90.785,91.945,100,100,85.62,100,100,100,100,4.225,96.755,100,100,97.015,98.3,96.845,100,3.095,97.51,100,100,100,100,93.11,85.15,,95.305,88.765,15,100,100,97.87,95.88,99.06,87.7,100,98.995,97.85,,96.355,99.725,95.545,95.865,96.28,100,92.98,90.94,,100,100,100,,94.55,,100,93.43,100,91.34,100,99.17,93.615,98.44,96.41,95.265,100,95.03,99.265,100,98.37,94.53,100,90.585,94.785,97.32,100,100,100,92.765,99.74,100,87.85,99.75,87.61,100,100,100,94.57,85.135,98.005,,96.035,93.37,84.055,85.125,97.08,,100,,93.92,87.98,99.33,,100,99.94,96.75,100,90.19,83.46,100,,94.385,100,,100,100,97.63,93.005,93.255,100,91.685,100,,95.87,98.875,92.945,84.305,100,100,100,95.47,100,100,97.52,98.41,100,98.985,100,100,97.915,100,94.73,93.425,95.345
